date,temp_max_c,temp_min_c,temp_mean_c,rainfall_mm,rain_mm,humidity_pct,wind_speed_mps,solar_radiation_mj,et0_mm,rainfall_8day,rainfall_16day,rainfall_30day,temp_8day_mean,temp_30day_mean,temp_8day_max,et0_8day_sum,et0_16day_sum,climatic_water_deficit_8day,aoi_id,latitude,longitude
2023-01-01,30.3,16.3,23.0,0.0,0.0,53,9.9,17.76,3.95,0.0,0.0,0.0,23.0,23.0,30.3,3.95,3.95,3.95,AOI_NLBC_PUNE,18.1132,74.4997
2023-01-02,29.8,17.2,23.0,0.0,0.0,53,10.1,17.76,3.81,0.0,0.0,0.0,23.0,23.0,30.3,7.76,7.76,7.76,AOI_NLBC_PUNE,18.1132,74.4997
2023-01-03,30.4,16.4,23.5,0.0,0.0,55,10.5,17.5,3.88,0.0,0.0,0.0,23.17,23.17,30.4,11.64,11.64,11.64,AOI_NLBC_PUNE,18.1132,74.4997
2023-01-04,30.5,17.9,23.8,0.0,0.0,55,10.4,16.28,3.79,0.0,0.0,0.0,23.32,23.32,30.5,15.43,15.43,15.43,AOI_NLBC_PUNE,18.1132,74.4997
2023-01-05,28.6,19.9,23.7,0.0,0.0,59,14.7,13.94,3.65,0.0,0.0,0.0,23.4,23.4,30.5,19.08,19.08,19.08,AOI_NLBC_PUNE,18.1132,74.4997
2023-01-06,28.9,18.7,23.4,0.0,0.0,60,16.8,16.85,4.15,0.0,0.0,0.0,23.4,23.4,30.5,23.23,23.23,23.23,AOI_NLBC_PUNE,18.1132,74.4997
2023-01-07,27.4,18.6,22.7,0.3,0.3,66,15.6,13.13,3.33,0.3,0.3,0.3,23.3,23.3,30.5,26.56,26.56,26.26,AOI_NLBC_PUNE,18.1132,74.4997
2023-01-08,27.9,17.1,22.0,0.0,0.0,56,9.9,18.0,4.05,0.3,0.3,0.3,23.14,23.14,30.5,30.61,30.61,30.31,AOI_NLBC_PUNE,18.1132,74.4997
2023-01-09,27.4,13.0,20.3,0.0,0.0,46,11.2,18.66,4.15,0.3,0.3,0.3,22.8,22.82,30.5,30.81,34.76,30.51,AOI_NLBC_PUNE,18.1132,74.4997
2023-01-10,28.3,12.3,20.5,0.0,0.0,45,11.2,18.82,4.15,0.3,0.3,0.3,22.49,22.59,30.5,31.15,38.91,30.85,AOI_NLBC_PUNE,18.1132,74.4997
2023-01-11,30.1,12.8,21.4,0.0,0.0,41,9.6,18.91,4.18,0.3,0.3,0.3,22.22,22.48,30.5,31.45,43.09,31.15,AOI_NLBC_PUNE,18.1132,74.4997
2023-01-12,29.8,12.1,20.9,0.0,0.0,45,10.8,18.94,4.36,0.3,0.3,0.3,21.86,22.35,30.1,32.02,47.45,31.72,AOI_NLBC_PUNE,18.1132,74.4997
2023-01-13,29.4,13.3,20.5,0.0,0.0,51,10.6,18.92,4.26,0.3,0.3,0.3,21.46,22.21,30.1,32.63,51.71,32.33,AOI_NLBC_PUNE,18.1132,74.4997
2023-01-14,30.5,13.6,21.2,0.0,0.0,57,9.2,18.79,3.95,0.3,0.3,0.3,21.19,22.14,30.5,32.43,55.66,32.13,AOI_NLBC_PUNE,18.1132,74.4997
2023-01-15,31.3,16.3,22.5,0.0,0.0,52,16.6,18.87,4.31,0.0,0.3,0.3,21.16,22.16,31.3,33.41,59.97,33.41,AOI_NLBC_PUNE,18.1132,74.4997
2023-01-16,31.1,14.7,22.5,0.0,0.0,54,10.8,18.86,4.03,0.0,0.3,0.3,21.22,22.18,31.3,33.39,64.0,33.39,AOI_NLBC_PUNE,18.1132,74.4997
2023-01-17,30.3,14.5,22.4,0.0,0.0,49,9.4,19.07,4.27,0.0,0.3,0.3,21.49,22.19,31.3,33.51,64.32,33.51,AOI_NLBC_PUNE,18.1132,74.4997
2023-01-18,30.9,15.0,22.4,0.0,0.0,48,10.5,19.11,4.2,0.0,0.3,0.3,21.72,22.21,31.3,33.56,64.71,33.56,AOI_NLBC_PUNE,18.1132,74.4997
2023-01-19,31.5,16.4,23.4,0.0,0.0,42,15.3,19.02,4.87,0.0,0.3,0.3,21.98,22.27,31.5,34.25,65.7,34.25,AOI_NLBC_PUNE,18.1132,74.4997
2023-01-20,30.9,16.0,23.2,0.0,0.0,47,17.1,19.05,4.89,0.0,0.3,0.3,22.26,22.32,31.5,34.78,66.8,34.78,AOI_NLBC_PUNE,18.1132,74.4997
2023-01-21,30.4,15.1,23.0,0.0,0.0,48,13.0,19.09,4.33,0.0,0.3,0.3,22.58,22.35,31.5,34.85,67.48,34.85,AOI_NLBC_PUNE,18.1132,74.4997
2023-01-22,30.9,15.6,23.2,0.0,0.0,47,14.5,19.02,4.34,0.0,0.3,0.3,22.82,22.39,31.5,35.24,67.67,35.24,AOI_NLBC_PUNE,18.1132,74.4997
2023-01-23,30.8,14.7,22.5,0.0,0.0,51,10.6,19.22,4.57,0.0,0.0,0.3,22.82,22.39,31.5,35.5,68.91,35.5,AOI_NLBC_PUNE,18.1132,74.4997
2023-01-24,31.4,15.6,23.0,0.2,0.2,55,16.4,17.02,4.28,0.2,0.2,0.5,22.89,22.42,31.5,35.75,69.14,35.55,AOI_NLBC_PUNE,18.1132,74.4997
2023-01-25,29.8,18.5,23.3,0.7,0.7,60,11.0,16.65,3.64,0.9,0.9,1.2,23.0,22.45,31.5,35.12,68.63,34.22,AOI_NLBC_PUNE,18.1132,74.4997
2023-01-26,30.8,18.9,24.2,4.3,4.3,65,11.4,17.95,3.99,5.2,5.2,5.5,23.22,22.52,31.5,34.91,68.47,29.71,AOI_NLBC_PUNE,18.1132,74.4997
2023-01-27,30.9,19.6,24.2,0.0,0.0,50,13.4,19.33,4.82,5.2,5.2,5.5,23.32,22.58,31.4,34.86,69.11,29.66,AOI_NLBC_PUNE,18.1132,74.4997
2023-01-28,30.6,15.4,22.7,0.0,0.0,43,16.4,20.04,5.08,5.2,5.2,5.5,23.26,22.59,31.4,35.05,69.83,29.85,AOI_NLBC_PUNE,18.1132,74.4997
2023-01-29,31.3,15.0,22.5,0.0,0.0,51,21.2,19.97,5.12,5.2,5.2,5.5,23.2,22.58,31.4,35.84,70.69,30.64,AOI_NLBC_PUNE,18.1132,74.4997
2023-01-30,29.8,17.4,22.8,0.0,0.0,65,11.0,19.12,4.08,5.2,5.2,5.5,23.15,22.59,31.4,35.58,70.82,30.38,AOI_NLBC_PUNE,18.1132,74.4997
2023-01-31,29.9,18.0,23.8,0.1,0.1,52,14.8,18.55,4.68,5.3,5.3,5.6,23.31,22.62,31.4,35.69,71.19,30.39,AOI_NLBC_PUNE,18.1132,74.4997
2023-02-01,28.5,19.3,23.5,0.5,0.5,57,16.3,16.57,4.28,5.6,5.8,6.1,23.38,22.63,31.3,35.69,71.44,30.09,AOI_NLBC_PUNE,18.1132,74.4997
2023-02-02,30.1,17.2,23.4,0.0,0.0,53,14.8,19.86,4.98,4.9,5.8,6.1,23.39,22.63,31.3,37.03,72.15,32.13,AOI_NLBC_PUNE,18.1132,74.4997
2023-02-03,29.5,15.8,22.6,0.0,0.0,46,11.3,20.47,4.92,0.6,5.8,6.1,23.19,22.59,31.3,37.96,72.87,37.36,AOI_NLBC_PUNE,18.1132,74.4997
2023-02-04,30.0,15.1,22.2,0.0,0.0,43,10.7,20.7,4.68,0.6,5.8,6.1,22.94,22.54,31.3,37.82,72.68,37.22,AOI_NLBC_PUNE,18.1132,74.4997
2023-02-05,30.4,16.3,22.8,0.0,0.0,44,11.4,20.78,4.62,0.6,5.8,6.1,22.95,22.52,31.3,37.36,72.41,36.76,AOI_NLBC_PUNE,18.1132,74.4997
2023-02-06,31.6,16.1,24.0,0.0,0.0,42,15.3,20.74,5.07,0.6,5.8,5.8,23.14,22.56,31.6,37.31,73.15,36.71,AOI_NLBC_PUNE,18.1132,74.4997
2023-02-07,31.3,17.3,23.7,0.0,0.0,44,10.9,20.72,4.97,0.6,5.8,5.8,23.25,22.62,31.6,38.2,73.78,37.6,AOI_NLBC_PUNE,18.1132,74.4997
2023-02-08,31.9,17.4,24.8,0.0,0.0,41,11.4,20.8,5.09,0.5,5.8,5.8,23.38,22.77,31.9,38.61,74.3,38.11,AOI_NLBC_PUNE,18.1132,74.4997
2023-02-09,32.3,16.8,24.7,0.0,0.0,43,9.2,21.33,4.76,0.0,5.6,5.8,23.52,22.91,32.3,39.09,74.78,39.09,AOI_NLBC_PUNE,18.1132,74.4997
2023-02-10,32.6,17.7,24.6,0.0,0.0,38,11.9,21.29,4.89,0.0,4.9,5.8,23.68,23.02,32.6,39.0,76.03,39.0,AOI_NLBC_PUNE,18.1132,74.4997
2023-02-11,33.2,17.1,24.9,0.0,0.0,34,11.3,21.48,5.23,0.0,0.6,5.8,23.96,23.15,33.2,39.31,77.27,39.31,AOI_NLBC_PUNE,18.1132,74.4997
2023-02-12,32.7,18.6,25.0,0.0,0.0,31,19.1,21.68,5.9,0.0,0.6,5.8,24.31,23.3,33.2,40.53,78.35,40.53,AOI_NLBC_PUNE,18.1132,74.4997
2023-02-13,32.1,16.1,24.0,0.0,0.0,35,12.9,21.99,5.77,0.0,0.6,5.8,24.46,23.39,33.2,41.68,79.04,41.68,AOI_NLBC_PUNE,18.1132,74.4997
2023-02-14,31.8,14.0,23.3,0.0,0.0,33,10.9,22.23,5.48,0.0,0.6,5.8,24.38,23.42,33.2,42.09,79.4,42.09,AOI_NLBC_PUNE,18.1132,74.4997
2023-02-15,33.0,15.1,23.9,0.0,0.0,29,12.5,22.33,5.68,0.0,0.6,5.8,24.4,23.47,33.2,42.8,81.0,42.8,AOI_NLBC_PUNE,18.1132,74.4997
2023-02-16,34.8,15.4,25.7,0.0,0.0,28,19.6,22.33,6.66,0.0,0.5,5.8,24.51,23.58,34.8,44.37,82.98,44.37,AOI_NLBC_PUNE,18.1132,74.4997
2023-02-17,34.2,18.4,26.0,0.0,0.0,27,16.3,22.32,6.68,0.0,0.0,5.8,24.68,23.7,34.8,46.29,85.38,46.29,AOI_NLBC_PUNE,18.1132,74.4997
2023-02-18,33.2,17.7,25.4,0.0,0.0,29,12.2,22.61,5.73,0.0,0.0,5.8,24.78,23.76,34.8,47.13,86.13,47.13,AOI_NLBC_PUNE,18.1132,74.4997
2023-02-19,33.4,17.4,25.4,0.0,0.0,30,14.8,22.67,5.79,0.0,0.0,5.8,24.84,23.84,34.8,47.69,87.0,47.69,AOI_NLBC_PUNE,18.1132,74.4997
2023-02-20,33.0,16.9,25.8,0.0,0.0,34,8.9,22.42,5.12,0.0,0.0,5.8,24.94,23.93,34.8,46.91,87.44,46.91,AOI_NLBC_PUNE,18.1132,74.4997
2023-02-21,34.6,18.1,25.8,0.0,0.0,36,16.1,22.62,5.51,0.0,0.0,5.8,25.16,24.02,34.8,46.65,88.33,46.65,AOI_NLBC_PUNE,18.1132,74.4997
2023-02-22,34.6,17.9,26.7,0.0,0.0,28,11.5,22.4,5.69,0.0,0.0,5.8,25.59,24.16,34.8,46.86,88.95,46.86,AOI_NLBC_PUNE,18.1132,74.4997
2023-02-23,34.5,20.1,26.5,0.0,0.0,26,12.1,22.77,5.93,0.0,0.0,5.6,25.91,24.27,34.8,47.11,89.91,47.11,AOI_NLBC_PUNE,18.1132,74.4997
2023-02-24,34.3,17.1,26.5,0.0,0.0,26,11.8,22.95,5.66,0.0,0.0,4.9,26.01,24.38,34.6,46.11,90.48,46.11,AOI_NLBC_PUNE,18.1132,74.4997
2023-02-25,34.6,19.1,27.1,0.0,0.0,24,10.5,22.81,5.74,0.0,0.0,0.6,26.15,24.48,34.6,45.17,91.46,45.17,AOI_NLBC_PUNE,18.1132,74.4997
2023-02-26,34.7,18.0,26.6,0.0,0.0,24,12.6,22.94,6.13,0.0,0.0,0.6,26.3,24.56,34.7,45.57,92.7,45.57,AOI_NLBC_PUNE,18.1132,74.4997
2023-02-27,34.9,18.8,26.6,0.0,0.0,27,16.4,22.85,6.06,0.0,0.0,0.6,26.45,24.69,34.9,45.84,93.53,45.84,AOI_NLBC_PUNE,18.1132,74.4997
2023-02-28,34.5,18.2,26.8,0.0,0.0,33,16.4,22.62,6.45,0.0,0.0,0.6,26.58,24.83,34.9,47.17,94.08,47.17,AOI_NLBC_PUNE,18.1132,74.4997
2023-03-01,33.7,18.7,26.4,0.0,0.0,26,11.5,22.99,5.95,0.0,0.0,0.6,26.65,24.95,34.9,47.61,94.26,47.61,AOI_NLBC_PUNE,18.1132,74.4997
2023-03-02,34.4,18.7,26.8,0.0,0.0,27,11.0,22.99,6.1,0.0,0.0,0.5,26.66,25.05,34.9,48.02,94.88,48.02,AOI_NLBC_PUNE,18.1132,74.4997
2023-03-03,34.7,17.9,26.9,0.0,0.0,28,13.8,23.03,6.33,0.0,0.0,0.0,26.71,25.16,34.9,48.42,95.53,48.42,AOI_NLBC_PUNE,18.1132,74.4997
2023-03-04,35.3,20.6,28.4,0.0,0.0,26,12.8,21.83,6.12,0.0,0.0,0.0,26.95,25.33,35.3,48.88,94.99,48.88,AOI_NLBC_PUNE,18.1132,74.4997
2023-03-05,35.2,19.7,27.7,0.0,0.0,29,18.1,22.86,6.22,0.0,0.0,0.0,27.02,25.5,35.3,49.36,94.53,49.36,AOI_NLBC_PUNE,18.1132,74.4997
2023-03-06,34.9,21.1,28.1,0.1,0.1,32,19.5,22.52,6.74,0.1,0.1,0.1,27.21,25.7,35.3,49.97,95.54,49.87,AOI_NLBC_PUNE,18.1132,74.4997
2023-03-07,30.9,19.8,24.6,0.1,0.1,46,16.6,20.24,5.4,0.2,0.2,0.2,26.96,25.76,35.3,49.31,95.15,49.11,AOI_NLBC_PUNE,18.1132,74.4997
2023-03-08,33.9,18.4,26.1,0.0,0.0,38,17.1,22.03,6.1,0.2,0.2,0.2,26.88,25.83,35.3,48.96,96.13,48.76,AOI_NLBC_PUNE,18.1132,74.4997
2023-03-09,33.3,19.5,26.7,0.0,0.0,32,13.9,20.78,5.87,0.2,0.2,0.2,26.91,25.93,35.3,48.88,96.49,48.68,AOI_NLBC_PUNE,18.1132,74.4997
2023-03-10,34.1,20.8,27.2,0.0,0.0,30,11.1,22.85,6.06,0.2,0.2,0.2,26.96,26.01,35.3,48.84,96.86,48.64,AOI_NLBC_PUNE,18.1132,74.4997
2023-03-11,34.7,22.0,28.1,0.0,0.0,28,14.3,21.88,6.21,0.2,0.2,0.2,27.11,26.12,35.3,48.72,97.14,48.52,AOI_NLBC_PUNE,18.1132,74.4997
2023-03-12,34.7,21.6,28.6,0.0,0.0,29,16.4,21.3,6.69,0.2,0.2,0.2,27.14,26.25,35.2,49.29,98.17,49.09,AOI_NLBC_PUNE,18.1132,74.4997
2023-03-13,34.7,20.8,28.3,0.0,0.0,29,13.4,19.24,5.72,0.2,0.2,0.2,27.21,26.37,34.9,48.79,98.15,48.59,AOI_NLBC_PUNE,18.1132,74.4997
2023-03-14,34.8,20.2,28.1,0.0,0.0,33,12.3,19.96,5.78,0.1,0.2,0.2,27.21,26.47,34.8,47.83,97.8,47.73,AOI_NLBC_PUNE,18.1132,74.4997
2023-03-15,34.3,22.2,28.3,0.4,0.4,32,17.1,18.78,5.44,0.4,0.6,0.6,27.68,26.61,34.8,47.87,97.18,47.47,AOI_NLBC_PUNE,18.1132,74.4997
2023-03-16,32.7,21.1,25.7,0.4,0.4,54,22.5,19.49,4.95,0.8,1.0,1.0,27.62,26.69,34.8,46.72,95.68,45.92,AOI_NLBC_PUNE,18.1132,74.4997
2023-03-17,31.4,19.7,25.4,0.0,0.0,55,16.7,19.77,5.16,0.8,1.0,1.0,27.46,26.74,34.8,46.01,94.89,45.21,AOI_NLBC_PUNE,18.1132,74.4997
2023-03-18,31.9,20.7,25.5,0.0,0.0,51,14.2,21.5,5.35,0.8,1.0,1.0,27.25,26.74,34.8,45.3,94.14,44.5,AOI_NLBC_PUNE,18.1132,74.4997
2023-03-19,32.3,18.4,25.0,0.0,0.0,47,25.5,23.44,6.74,0.8,1.0,1.0,26.86,26.7,34.8,45.83,94.55,45.03,AOI_NLBC_PUNE,18.1132,74.4997
2023-03-20,31.2,17.5,24.2,0.0,0.0,53,22.7,24.11,6.32,0.8,1.0,1.0,26.31,26.66,34.8,45.46,94.75,44.66,AOI_NLBC_PUNE,18.1132,74.4997
2023-03-21,31.4,17.3,24.4,0.0,0.0,50,19.1,22.01,5.74,0.8,1.0,1.0,25.82,26.63,34.8,45.48,94.27,44.68,AOI_NLBC_PUNE,18.1132,74.4997
2023-03-22,33.7,18.2,25.4,0.0,0.0,45,20.2,21.47,6.4,0.8,0.9,1.0,25.49,26.62,34.3,46.1,93.93,45.3,AOI_NLBC_PUNE,18.1132,74.4997
2023-03-23,34.2,18.2,25.7,0.0,0.0,49,22.9,23.08,6.68,0.4,0.8,1.0,25.16,26.61,34.2,47.34,95.21,46.94,AOI_NLBC_PUNE,18.1132,74.4997
2023-03-24,33.9,19.6,26.6,0.0,0.0,45,20.4,24.48,6.15,0.0,0.8,1.0,25.28,26.61,34.2,48.54,95.26,48.54,AOI_NLBC_PUNE,18.1132,74.4997
2023-03-25,36.2,19.4,27.0,0.0,0.0,37,26.0,24.83,7.29,0.0,0.8,1.0,25.48,26.63,36.2,50.67,96.68,50.67,AOI_NLBC_PUNE,18.1132,74.4997
2023-03-26,35.8,18.6,26.5,0.0,0.0,36,24.0,25.13,7.31,0.0,0.8,1.0,25.6,26.63,36.2,52.63,97.93,52.63,AOI_NLBC_PUNE,18.1132,74.4997
2023-03-27,34.4,18.4,26.3,0.0,0.0,44,20.3,25.78,6.4,0.0,0.8,1.0,25.76,26.6,36.2,52.29,98.12,52.29,AOI_NLBC_PUNE,18.1132,74.4997
2023-03-28,35.0,19.1,27.0,0.0,0.0,47,18.7,25.19,6.4,0.0,0.8,1.0,26.11,26.61,36.2,52.37,97.83,52.37,AOI_NLBC_PUNE,18.1132,74.4997
2023-03-29,37.6,19.6,27.9,0.0,0.0,44,23.2,25.42,7.61,0.0,0.8,1.0,26.55,26.66,37.6,54.24,99.72,54.24,AOI_NLBC_PUNE,18.1132,74.4997
2023-03-30,35.1,18.0,26.4,0.0,0.0,48,25.7,25.52,7.08,0.0,0.8,1.0,26.68,26.64,37.6,54.92,101.02,54.92,AOI_NLBC_PUNE,18.1132,74.4997
2023-03-31,34.4,19.8,26.4,0.0,0.0,51,27.7,23.64,6.9,0.0,0.4,1.0,26.76,26.64,37.6,55.14,102.48,55.14,AOI_NLBC_PUNE,18.1132,74.4997
2023-04-01,35.0,20.3,27.1,0.0,0.0,39,23.0,25.42,7.49,0.0,0.0,1.0,26.82,26.65,37.6,56.48,105.02,56.48,AOI_NLBC_PUNE,18.1132,74.4997
2023-04-02,35.5,18.9,26.7,0.0,0.0,49,22.0,25.35,6.85,0.0,0.0,1.0,26.79,26.65,37.6,56.04,106.71,56.04,AOI_NLBC_PUNE,18.1132,74.4997
2023-04-03,35.3,19.1,26.9,0.0,0.0,51,20.2,25.53,6.61,0.0,0.0,1.0,26.84,26.6,37.6,55.34,107.97,55.34,AOI_NLBC_PUNE,18.1132,74.4997
2023-04-04,36.8,20.7,28.6,0.0,0.0,49,24.5,24.89,6.57,0.0,0.0,1.0,27.12,26.63,37.6,55.51,107.8,55.51,AOI_NLBC_PUNE,18.1132,74.4997
2023-04-05,37.1,22.4,30.1,0.0,0.0,40,25.2,23.44,7.3,0.0,0.0,0.9,27.51,26.69,37.6,56.41,108.78,56.41,AOI_NLBC_PUNE,18.1132,74.4997
2023-04-06,36.8,23.6,30.8,0.0,0.0,31,13.7,21.42,6.62,0.0,0.0,0.8,27.88,26.9,37.1,55.42,109.66,55.42,AOI_NLBC_PUNE,18.1132,74.4997
2023-04-07,36.1,23.1,29.2,2.6,2.6,41,21.5,21.3,6.36,2.6,2.6,3.4,28.22,27.0,37.1,54.7,109.62,52.1,AOI_NLBC_PUNE,18.1132,74.4997
2023-04-08,31.7,21.3,25.6,13.0,13.0,67,16.8,20.5,4.82,15.6,15.6,16.4,28.12,26.97,37.1,52.62,107.76,37.02,AOI_NLBC_PUNE,18.1132,74.4997
2023-04-09,34.5,22.1,28.2,0.7,0.7,52,15.9,21.16,5.69,16.3,16.3,17.1,28.26,27.0,37.1,50.82,107.3,34.52,AOI_NLBC_PUNE,18.1132,74.4997
2023-04-10,36.0,22.9,29.2,0.0,0.0,45,16.2,23.07,6.45,16.3,16.3,17.1,28.58,27.04,37.1,50.42,106.46,34.12,AOI_NLBC_PUNE,18.1132,74.4997
2023-04-11,37.4,23.0,30.5,0.0,0.0,37,15.2,24.52,7.08,16.3,16.3,17.1,29.02,27.1,37.4,50.89,106.23,34.59,AOI_NLBC_PUNE,18.1132,74.4997
2023-04-12,38.6,23.2,31.3,0.0,0.0,32,14.3,24.23,6.88,16.3,16.3,17.1,29.36,27.2,38.6,51.2,106.71,34.9,AOI_NLBC_PUNE,18.1132,74.4997
2023-04-13,38.0,25.2,31.8,0.5,0.5,30,20.0,20.64,6.6,16.8,16.8,17.6,29.58,27.32,38.6,50.5,106.91,33.7,AOI_NLBC_PUNE,18.1132,74.4997
2023-04-14,37.9,24.5,30.8,0.1,0.1,35,20.6,19.39,5.83,16.9,16.9,17.3,29.58,27.41,38.6,49.71,105.13,32.81,AOI_NLBC_PUNE,18.1132,74.4997
2023-04-15,36.7,23.2,29.3,0.0,0.0,43,8.8,22.63,5.72,14.3,16.9,16.9,29.59,27.53,38.6,49.07,103.77,34.77,AOI_NLBC_PUNE,18.1132,74.4997
2023-04-16,37.2,22.2,29.5,0.0,0.0,43,18.5,23.35,6.33,1.3,16.9,16.9,30.08,27.66,38.6,50.58,103.2,49.28,AOI_NLBC_PUNE,18.1132,74.4997
2023-04-17,37.5,24.0,30.0,0.1,0.1,37,13.3,20.39,6.07,0.7,17.0,17.0,30.3,27.81,38.6,50.96,101.78,50.26,AOI_NLBC_PUNE,18.1132,74.4997
2023-04-18,38.4,23.4,31.2,0.0,0.0,33,13.1,22.04,6.48,0.7,17.0,17.0,30.55,28.02,38.6,50.99,101.41,50.29,AOI_NLBC_PUNE,18.1132,74.4997
2023-04-19,38.8,24.4,32.1,0.0,0.0,29,18.8,24.53,7.42,0.7,17.0,17.0,30.75,28.28,38.8,51.33,102.22,50.63,AOI_NLBC_PUNE,18.1132,74.4997
2023-04-20,38.2,24.8,31.3,0.0,0.0,33,24.2,23.37,7.56,0.7,17.0,17.0,30.75,28.51,38.8,52.01,103.21,51.31,AOI_NLBC_PUNE,18.1132,74.4997
2023-04-21,37.0,23.2,30.5,0.0,0.0,30,24.5,24.74,7.75,0.2,17.0,17.0,30.59,28.68,38.8,53.16,103.66,52.96,AOI_NLBC_PUNE,18.1132,74.4997
2023-04-22,37.0,21.5,28.8,0.0,0.0,34,27.1,26.05,8.2,0.1,17.0,17.0,30.34,28.79,38.8,55.53,105.24,55.43,AOI_NLBC_PUNE,18.1132,74.4997
2023-04-23,36.0,21.0,28.7,0.0,0.0,39,18.8,25.33,6.98,0.1,14.4,17.0,30.26,28.86,38.8,56.79,105.86,56.69,AOI_NLBC_PUNE,18.1132,74.4997
2023-04-24,36.8,22.5,29.9,0.0,0.0,40,23.4,23.93,6.7,0.1,1.4,17.0,30.31,28.95,38.8,57.16,107.74,57.06,AOI_NLBC_PUNE,18.1132,74.4997
2023-04-25,38.3,24.4,30.5,0.0,0.0,39,32.5,24.81,7.6,0.0,0.7,17.0,30.38,29.09,38.8,58.69,109.65,58.69,AOI_NLBC_PUNE,18.1132,74.4997
2023-04-26,34.8,23.2,28.9,0.2,0.2,52,26.7,21.67,6.12,0.2,0.9,17.2,30.09,29.17,38.8,58.33,109.32,58.13,AOI_NLBC_PUNE,18.1132,74.4997
2023-04-27,34.9,23.6,29.0,2.0,2.0,52,15.3,20.26,5.36,2.2,2.9,19.2,29.7,29.24,38.3,56.27,107.6,54.07,AOI_NLBC_PUNE,18.1132,74.4997
2023-04-28,34.8,24.4,28.7,1.5,1.5,52,16.8,19.85,5.53,3.7,4.4,20.7,29.38,29.27,38.3,54.24,106.25,50.54,AOI_NLBC_PUNE,18.1132,74.4997
2023-04-29,34.9,23.0,28.1,0.2,0.2,59,15.1,22.54,5.67,3.9,4.1,20.9,29.08,29.32,38.3,52.16,105.32,48.26,AOI_NLBC_PUNE,18.1132,74.4997
2023-04-30,36.3,22.8,28.5,0.0,0.0,48,24.5,23.89,7.13,3.9,4.0,20.9,29.04,29.39,38.3,51.09,106.62,47.19,AOI_NLBC_PUNE,18.1132,74.4997
2023-05-01,35.9,21.6,28.0,0.0,0.0,47,25.0,26.24,7.49,3.9,4.0,20.9,28.95,29.42,38.3,51.6,108.39,47.7,AOI_NLBC_PUNE,18.1132,74.4997
2023-05-02,33.6,21.8,27.7,0.0,0.0,48,23.9,21.95,6.42,3.9,4.0,20.9,28.68,29.46,38.3,51.32,108.48,47.42,AOI_NLBC_PUNE,18.1132,74.4997
2023-05-03,34.0,22.5,28.0,0.0,0.0,51,22.7,24.09,6.74,3.9,3.9,20.9,28.36,29.49,36.3,50.46,109.15,46.56,AOI_NLBC_PUNE,18.1132,74.4997
2023-05-04,33.8,22.7,28.2,0.0,0.0,49,24.9,23.79,6.44,3.7,3.9,20.9,28.28,29.48,36.3,50.78,109.11,47.08,AOI_NLBC_PUNE,18.1132,74.4997
2023-05-05,35.0,23.6,29.1,0.0,0.0,49,21.6,23.98,6.22,1.7,3.9,20.9,28.29,29.45,36.3,51.64,107.91,49.94,AOI_NLBC_PUNE,18.1132,74.4997
2023-05-06,35.8,24.0,29.8,0.1,0.1,51,21.9,23.75,6.6,0.3,4.0,21.0,28.42,29.41,36.3,52.71,106.95,52.41,AOI_NLBC_PUNE,18.1132,74.4997
2023-05-07,35.9,25.4,29.3,0.7,0.7,56,17.8,20.61,5.84,0.8,4.7,19.1,28.58,29.42,36.3,52.88,105.04,52.08,AOI_NLBC_PUNE,18.1132,74.4997
2023-05-08,35.0,24.4,28.7,1.3,1.3,64,15.3,14.04,3.8,2.1,6.0,7.4,28.6,29.52,35.9,49.55,100.64,47.45,AOI_NLBC_PUNE,18.1132,74.4997
2023-05-09,36.9,24.8,29.5,1.1,1.1,60,23.2,21.4,5.56,3.2,7.1,7.8,28.79,29.56,36.9,47.62,99.22,44.42,AOI_NLBC_PUNE,18.1132,74.4997
2023-05-10,39.8,25.6,32.2,0.0,0.0,48,23.8,23.13,6.88,3.2,7.1,7.8,29.35,29.66,39.8,48.08,99.4,44.88,AOI_NLBC_PUNE,18.1132,74.4997
2023-05-11,41.8,24.7,32.8,0.0,0.0,41,21.1,25.23,7.49,3.2,7.1,7.8,29.95,29.74,41.8,48.83,99.29,45.63,AOI_NLBC_PUNE,18.1132,74.4997
2023-05-12,41.5,25.2,32.7,0.0,0.0,45,26.2,24.81,7.72,3.2,6.9,7.8,30.51,29.79,41.8,50.11,100.89,46.91,AOI_NLBC_PUNE,18.1132,74.4997
2023-05-13,40.8,25.2,31.6,0.0,0.0,49,32.1,23.32,8.3,3.2,4.9,7.3,30.83,29.78,41.8,52.19,103.83,48.99,AOI_NLBC_PUNE,18.1132,74.4997
2023-05-14,38.8,24.0,30.9,0.0,0.0,47,22.6,25.28,8.78,3.1,3.4,7.2,30.96,29.78,41.8,54.37,107.08,51.27,AOI_NLBC_PUNE,18.1132,74.4997
2023-05-15,37.9,23.6,30.3,0.0,0.0,53,22.9,26.16,8.28,2.4,3.2,7.2,31.09,29.82,41.8,56.81,109.69,54.41,AOI_NLBC_PUNE,18.1132,74.4997
2023-05-16,38.0,22.7,30.3,0.0,0.0,51,24.2,26.42,8.46,1.1,3.2,7.2,31.29,29.84,41.8,61.47,111.02,60.37,AOI_NLBC_PUNE,18.1132,74.4997
2023-05-17,39.5,23.4,31.3,0.0,0.0,43,29.5,26.37,7.76,0.0,3.2,7.1,31.51,29.89,41.8,63.67,111.29,63.67,AOI_NLBC_PUNE,18.1132,74.4997
2023-05-18,40.4,25.0,32.2,0.0,0.0,44,31.0,25.02,8.07,0.0,3.2,7.1,31.51,29.92,41.8,64.86,112.94,64.86,AOI_NLBC_PUNE,18.1132,74.4997
2023-05-19,41.5,25.7,32.9,0.0,0.0,41,31.6,26.07,8.29,0.0,3.2,7.1,31.52,29.95,41.5,65.66,114.49,65.66,AOI_NLBC_PUNE,18.1132,74.4997
2023-05-20,40.2,25.4,32.2,0.0,0.0,42,27.8,25.03,8.6,0.0,3.2,7.1,31.46,29.98,41.5,66.54,116.65,66.54,AOI_NLBC_PUNE,18.1132,74.4997
2023-05-21,40.6,24.4,32.1,0.0,0.0,43,25.9,25.95,8.59,0.0,3.2,7.1,31.52,30.03,41.5,66.83,119.02,66.83,AOI_NLBC_PUNE,18.1132,74.4997
2023-05-22,40.5,25.1,32.3,0.0,0.0,42,20.7,22.32,6.87,0.0,3.1,7.1,31.7,30.15,41.5,64.92,119.29,64.92,AOI_NLBC_PUNE,18.1132,74.4997
2023-05-23,40.0,26.3,32.1,2.0,2.0,45,26.0,22.08,6.76,2.0,4.4,9.1,31.92,30.26,41.5,63.4,120.21,61.4,AOI_NLBC_PUNE,18.1132,74.4997
2023-05-24,38.4,24.8,31.1,0.0,0.0,48,24.8,25.45,7.88,2.0,3.1,9.1,32.02,30.3,41.5,62.82,124.29,60.82,AOI_NLBC_PUNE,18.1132,74.4997
2023-05-25,37.0,24.2,29.8,0.0,0.0,56,26.6,24.95,7.86,2.0,2.0,9.1,31.84,30.28,41.5,62.92,126.59,60.92,AOI_NLBC_PUNE,18.1132,74.4997
2023-05-26,35.8,23.7,29.1,0.0,0.0,58,24.9,23.95,7.48,2.0,2.0,8.9,31.45,30.28,41.5,62.33,127.19,60.33,AOI_NLBC_PUNE,18.1132,74.4997
2023-05-27,36.8,22.9,29.5,0.0,0.0,53,24.9,24.68,7.83,2.0,2.0,6.9,31.02,30.3,40.6,61.87,127.53,59.87,AOI_NLBC_PUNE,18.1132,74.4997
2023-05-28,39.1,23.8,30.9,0.0,0.0,48,27.9,24.23,7.98,2.0,2.0,5.4,30.86,30.37,40.6,61.25,127.79,59.25,AOI_NLBC_PUNE,18.1132,74.4997
2023-05-29,39.2,23.9,31.3,0.0,0.0,49,30.6,25.21,7.64,2.0,2.0,5.2,30.76,30.48,40.5,60.3,127.13,58.3,AOI_NLBC_PUNE,18.1132,74.4997
2023-05-30,39.4,26.2,32.5,0.0,0.0,47,32.2,23.72,7.23,2.0,2.0,5.2,30.79,30.61,40.0,60.66,125.58,58.66,AOI_NLBC_PUNE,18.1132,74.4997
2023-05-31,40.8,26.4,33.3,0.0,0.0,44,21.6,25.42,7.71,0.0,2.0,5.2,30.94,30.79,40.8,61.61,125.01,61.61,AOI_NLBC_PUNE,18.1132,74.4997
2023-06-01,40.4,26.5,32.9,0.0,0.0,43,31.6,25.37,7.85,0.0,2.0,5.2,31.16,30.96,40.8,61.58,124.4,61.58,AOI_NLBC_PUNE,18.1132,74.4997
2023-06-02,39.2,25.3,31.4,0.0,0.0,49,24.9,26.28,8.69,0.0,2.0,5.2,31.36,31.08,40.8,62.41,125.33,62.41,AOI_NLBC_PUNE,18.1132,74.4997
2023-06-03,38.8,24.2,31.0,0.0,0.0,54,21.8,24.18,7.61,0.0,2.0,5.2,31.6,31.17,40.8,62.54,124.87,62.54,AOI_NLBC_PUNE,18.1132,74.4997
2023-06-04,37.5,24.9,29.0,2.0,2.0,63,33.7,23.23,6.35,2.0,4.0,7.2,31.54,31.17,40.8,61.06,122.93,59.06,AOI_NLBC_PUNE,18.1132,74.4997
2023-06-05,37.4,23.6,30.0,0.0,0.0,58,23.1,25.01,7.44,2.0,4.0,7.1,31.42,31.17,40.8,60.52,121.77,58.52,AOI_NLBC_PUNE,18.1132,74.4997
2023-06-06,38.1,23.8,30.7,0.0,0.0,52,26.3,24.99,7.56,2.0,4.0,6.4,31.35,31.22,40.8,60.44,120.74,58.44,AOI_NLBC_PUNE,18.1132,74.4997
2023-06-07,38.0,24.9,30.9,0.0,0.0,52,24.5,25.1,7.95,2.0,4.0,5.1,31.15,31.29,40.8,61.16,121.82,59.16,AOI_NLBC_PUNE,18.1132,74.4997
2023-06-08,38.1,25.0,30.4,0.2,0.2,56,23.1,24.25,7.21,2.2,2.2,4.2,30.79,31.32,40.4,60.66,122.27,58.46,AOI_NLBC_PUNE,18.1132,74.4997
2023-06-09,38.5,25.3,30.5,0.2,0.2,56,26.9,24.17,7.1,2.4,2.4,4.4,30.49,31.27,39.2,59.91,121.49,57.51,AOI_NLBC_PUNE,18.1132,74.4997
2023-06-10,38.1,25.5,29.6,3.7,3.7,60,25.7,23.06,6.58,6.1,6.1,8.1,30.26,31.16,38.8,57.8,120.21,51.7,AOI_NLBC_PUNE,18.1132,74.4997
2023-06-11,36.4,24.5,29.3,0.5,0.5,59,26.3,22.89,6.64,6.6,6.6,8.6,30.05,31.05,38.5,56.83,119.37,50.23,AOI_NLBC_PUNE,18.1132,74.4997
2023-06-12,36.1,24.4,29.8,0.0,0.0,55,26.4,23.55,7.4,4.6,6.6,8.6,30.15,30.99,38.5,57.88,118.94,53.28,AOI_NLBC_PUNE,18.1132,74.4997
2023-06-13,36.3,24.5,29.4,0.0,0.0,58,29.7,23.61,7.27,4.6,6.6,8.6,30.08,30.94,38.5,57.71,118.23,53.11,AOI_NLBC_PUNE,18.1132,74.4997
2023-06-14,35.6,24.7,29.1,0.4,0.4,61,31.2,24.22,7.31,5.0,7.0,9.0,29.88,30.9,38.5,57.46,117.9,52.46,AOI_NLBC_PUNE,18.1132,74.4997
2023-06-15,36.0,24.4,29.2,0.0,0.0,59,27.7,25.08,7.61,5.0,7.0,9.0,29.66,30.86,38.5,57.12,118.28,52.12,AOI_NLBC_PUNE,18.1132,74.4997
2023-06-16,35.0,24.0,28.9,0.0,0.0,61,35.1,23.17,7.26,4.8,7.0,9.0,29.48,30.78,38.5,57.17,117.83,52.37,AOI_NLBC_PUNE,18.1132,74.4997
2023-06-17,36.8,25.4,29.6,0.0,0.0,59,24.7,23.64,7.38,4.6,7.0,9.0,29.36,30.69,38.1,57.45,117.36,52.85,AOI_NLBC_PUNE,18.1132,74.4997
2023-06-18,34.9,24.2,28.5,0.3,0.3,64,28.7,22.24,6.78,1.2,7.3,9.3,29.22,30.55,36.8,57.65,115.45,56.45,AOI_NLBC_PUNE,18.1132,74.4997
2023-06-19,35.6,23.5,29.0,0.0,0.0,61,25.9,25.37,7.53,0.7,7.3,9.3,29.19,30.44,36.8,58.54,115.37,57.84,AOI_NLBC_PUNE,18.1132,74.4997
2023-06-20,36.2,23.6,29.0,0.5,0.5,61,27.9,23.95,7.13,1.2,5.8,9.8,29.09,30.34,36.8,58.27,116.15,57.07,AOI_NLBC_PUNE,18.1132,74.4997
2023-06-21,36.1,24.0,29.2,0.6,0.6,61,25.5,24.37,7.26,1.8,6.4,10.4,29.06,30.23,36.8,58.26,115.97,56.46,AOI_NLBC_PUNE,18.1132,74.4997
2023-06-22,35.7,24.1,29.2,0.0,0.0,59,27.8,24.49,7.34,1.4,6.4,8.4,29.08,30.14,36.8,58.29,115.75,56.89,AOI_NLBC_PUNE,18.1132,74.4997
2023-06-23,36.0,24.4,29.1,0.8,0.8,61,24.5,22.52,6.61,2.2,7.2,9.2,29.06,30.07,36.8,57.29,114.41,55.09,AOI_NLBC_PUNE,18.1132,74.4997
2023-06-24,33.3,23.8,27.2,15.1,15.1,73,21.1,14.59,4.06,17.3,22.1,24.3,28.85,29.98,36.8,54.09,111.26,36.79,AOI_NLBC_PUNE,18.1132,74.4997
2023-06-25,29.7,23.5,26.3,0.7,0.7,76,25.6,14.03,3.93,18.0,22.6,25.0,28.44,29.89,36.2,50.64,108.09,32.64,AOI_NLBC_PUNE,18.1132,74.4997
2023-06-26,28.6,23.3,25.8,1.8,1.8,75,24.6,9.94,3.21,19.5,20.7,26.8,28.1,29.77,36.2,47.07,104.72,27.57,AOI_NLBC_PUNE,18.1132,74.4997
2023-06-27,32.1,23.9,26.8,0.4,0.4,73,24.5,18.57,4.88,19.9,20.6,27.2,27.83,29.63,36.2,44.42,102.96,24.52,AOI_NLBC_PUNE,18.1132,74.4997
2023-06-28,31.5,23.4,26.4,2.4,2.4,75,25.8,16.44,4.38,21.8,23.0,29.6,27.5,29.47,36.1,41.67,99.94,19.87,AOI_NLBC_PUNE,18.1132,74.4997
2023-06-29,29.3,23.5,25.5,7.0,7.0,79,25.8,13.81,3.52,28.2,30.0,36.6,27.04,29.23,36.0,37.93,96.19,9.73,AOI_NLBC_PUNE,18.1132,74.4997
2023-06-30,30.8,23.4,26.0,5.9,5.9,77,30.2,18.22,4.53,34.1,35.5,42.5,26.64,28.99,36.0,35.12,93.41,1.02,AOI_NLBC_PUNE,18.1132,74.4997
2023-07-01,31.0,23.1,26.2,1.6,1.6,75,31.4,20.53,4.91,34.9,37.1,44.1,26.28,28.77,33.3,33.42,90.71,0.0,AOI_NLBC_PUNE,18.1132,74.4997
2023-07-02,31.1,23.5,26.8,2.1,2.1,73,26.0,20.15,5.02,21.9,39.2,46.2,26.22,28.61,32.1,34.38,88.47,12.48,AOI_NLBC_PUNE,18.1132,74.4997
2023-07-03,32.6,23.9,27.2,3.5,3.5,73,19.1,20.25,5.1,24.7,42.7,49.7,26.34,28.49,32.6,35.55,86.19,10.85,AOI_NLBC_PUNE,18.1132,74.4997
2023-07-04,31.3,23.9,26.5,3.8,3.8,79,27.8,17.3,4.18,26.7,46.2,51.5,26.42,28.4,32.6,36.52,83.59,9.82,AOI_NLBC_PUNE,18.1132,74.4997
2023-07-05,31.6,23.2,26.2,13.5,13.5,79,23.5,18.28,4.24,39.8,59.7,65.0,26.35,28.28,32.6,35.88,80.3,0.0,AOI_NLBC_PUNE,18.1132,74.4997
2023-07-06,28.7,23.2,25.1,17.7,17.7,83,27.2,12.43,3.15,55.1,76.9,82.7,26.19,28.09,32.6,34.65,76.32,0.0,AOI_NLBC_PUNE,18.1132,74.4997
2023-07-07,29.3,23.8,25.8,6.8,6.8,79,29.7,17.7,4.11,54.9,83.1,89.5,26.22,27.92,32.6,35.24,73.17,0.0,AOI_NLBC_PUNE,18.1132,74.4997
2023-07-08,29.8,23.8,26.2,1.6,1.6,75,30.5,21.07,5.06,50.6,84.7,90.9,26.25,27.78,32.6,35.77,70.89,0.0,AOI_NLBC_PUNE,18.1132,74.4997
2023-07-09,30.5,23.5,26.2,1.2,1.2,74,26.8,20.29,4.96,50.2,85.1,91.9,26.25,27.64,32.6,35.82,69.24,0.0,AOI_NLBC_PUNE,18.1132,74.4997
2023-07-10,30.0,23.1,25.9,0.1,0.1,75,25.0,17.83,4.5,48.2,70.1,88.3,26.14,27.51,32.6,35.3,69.68,0.0,AOI_NLBC_PUNE,18.1132,74.4997
2023-07-11,28.8,22.8,25.5,0.2,0.2,76,24.3,13.98,3.84,44.9,69.6,88.0,25.92,27.39,31.6,34.04,69.59,0.0,AOI_NLBC_PUNE,18.1132,74.4997
2023-07-12,29.5,23.0,25.2,2.9,2.9,80,20.7,12.38,3.23,44.0,70.7,90.9,25.76,27.23,31.6,33.09,69.61,0.0,AOI_NLBC_PUNE,18.1132,74.4997
2023-07-13,30.8,22.3,25.9,1.4,1.4,78,21.2,19.7,4.51,31.9,71.7,92.3,25.72,27.12,30.8,33.36,69.24,1.46,AOI_NLBC_PUNE,18.1132,74.4997
2023-07-14,29.7,23.4,25.6,3.1,3.1,78,27.0,17.15,4.12,17.3,72.4,95.0,25.79,27.0,30.8,34.33,68.98,17.03,AOI_NLBC_PUNE,18.1132,74.4997
2023-07-15,29.9,23.3,25.9,1.2,1.2,76,29.3,19.16,4.69,11.7,66.6,96.2,25.8,26.89,30.8,34.91,70.15,23.21,AOI_NLBC_PUNE,18.1132,74.4997
2023-07-16,30.5,23.3,25.8,2.1,2.1,77,25.2,17.68,4.28,12.2,62.8,98.3,25.75,26.79,30.8,34.13,69.9,21.93,AOI_NLBC_PUNE,18.1132,74.4997
2023-07-17,29.6,23.3,25.7,1.6,1.6,76,29.9,17.54,4.31,12.6,62.8,99.9,25.69,26.66,30.8,33.48,69.3,20.88,AOI_NLBC_PUNE,18.1132,74.4997
2023-07-18,27.1,23.3,24.5,10.8,10.8,83,31.8,8.22,2.42,23.3,71.5,110.4,25.51,26.52,30.8,31.4,66.7,8.1,AOI_NLBC_PUNE,18.1132,74.4997
2023-07-19,27.6,23.0,24.4,21.3,21.3,86,30.6,8.29,2.31,44.4,89.3,131.7,25.38,26.37,30.8,29.87,63.91,0.0,AOI_NLBC_PUNE,18.1132,74.4997
2023-07-20,29.2,23.2,25.4,3.5,3.5,79,36.4,16.92,4.15,45.0,89.0,134.7,25.4,26.25,30.8,30.79,63.88,0.0,AOI_NLBC_PUNE,18.1132,74.4997
2023-07-21,29.1,22.9,24.9,6.2,6.2,84,27.8,13.17,3.17,49.8,81.7,140.3,25.28,26.11,30.5,29.45,62.81,0.0,AOI_NLBC_PUNE,18.1132,74.4997
2023-07-22,28.4,23.0,24.9,7.8,7.8,83,31.7,15.25,3.55,54.5,71.8,148.1,25.19,25.96,30.5,28.88,63.21,0.0,AOI_NLBC_PUNE,18.1132,74.4997
2023-07-23,28.2,23.2,25.1,11.4,11.4,83,31.1,15.51,3.51,64.7,76.4,158.7,25.09,25.83,30.5,27.7,62.61,0.0,AOI_NLBC_PUNE,18.1132,74.4997
2023-07-24,29.6,23.1,25.6,4.9,4.9,79,29.3,20.01,4.52,67.5,79.7,148.5,25.06,25.78,29.6,27.94,62.07,0.0,AOI_NLBC_PUNE,18.1132,74.4997
2023-07-25,25.8,22.9,24.1,19.7,19.7,88,21.2,5.91,1.68,85.6,98.2,167.5,24.86,25.7,29.6,25.31,58.79,0.0,AOI_NLBC_PUNE,18.1132,74.4997
2023-07-26,26.3,22.4,24.1,28.9,28.9,87,25.0,9.93,2.42,103.7,127.0,194.6,24.81,25.65,29.6,25.31,56.71,0.0,AOI_NLBC_PUNE,18.1132,74.4997
2023-07-27,25.5,22.7,23.5,12.2,12.2,88,28.9,5.3,1.7,94.6,139.0,206.4,24.7,25.54,29.6,24.7,54.57,0.0,AOI_NLBC_PUNE,18.1132,74.4997
2023-07-28,27.7,22.4,24.6,5.2,5.2,82,32.6,16.25,3.75,96.3,141.3,209.2,24.6,25.48,29.6,24.3,55.09,0.0,AOI_NLBC_PUNE,18.1132,74.4997
2023-07-29,27.8,22.8,24.6,0.5,0.5,81,30.4,16.56,3.78,90.6,140.4,202.7,24.56,25.45,29.6,24.91,54.36,0.0,AOI_NLBC_PUNE,18.1132,74.4997
2023-07-30,29.2,22.7,25.3,1.0,1.0,79,31.4,21.23,4.66,83.8,138.3,197.8,24.61,25.42,29.6,26.02,54.9,0.0,AOI_NLBC_PUNE,18.1132,74.4997
2023-07-31,28.6,23.2,25.4,2.2,2.2,79,29.5,19.04,4.32,74.6,139.3,198.4,24.65,25.4,29.6,26.83,54.53,0.0,AOI_NLBC_PUNE,18.1132,74.4997
2023-08-01,29.1,23.4,25.6,1.9,1.9,78,34.3,20.75,4.65,71.6,139.1,198.2,24.65,25.36,29.2,26.96,54.9,0.0,AOI_NLBC_PUNE,18.1132,74.4997
2023-08-02,28.4,23.0,25.2,1.8,1.8,78,31.5,19.06,4.4,53.7,139.3,196.5,24.79,25.29,29.2,29.68,54.99,0.0,AOI_NLBC_PUNE,18.1132,74.4997
2023-08-03,28.8,23.3,25.4,0.6,0.6,76,35.3,19.4,4.62,25.4,129.1,193.3,24.95,25.25,29.2,31.88,57.19,6.48,AOI_NLBC_PUNE,18.1132,74.4997
2023-08-04,29.5,23.5,25.7,0.8,0.8,76,32.1,18.27,4.47,14.0,108.6,180.6,25.22,25.24,29.5,34.65,59.35,20.65,AOI_NLBC_PUNE,18.1132,74.4997
2023-08-05,29.7,23.0,25.7,1.6,1.6,77,28.8,20.08,4.64,10.4,106.7,164.5,25.36,25.26,29.7,35.54,59.84,25.14,AOI_NLBC_PUNE,18.1132,74.4997
2023-08-06,29.8,22.8,25.5,1.2,1.2,76,33.3,23.48,5.23,11.1,101.7,158.9,25.48,25.25,29.8,36.99,61.9,25.89,AOI_NLBC_PUNE,18.1132,74.4997
2023-08-07,30.0,22.8,25.6,0.0,0.0,74,28.5,22.31,5.24,10.1,93.9,157.3,25.51,25.23,30.0,37.57,63.59,27.47,AOI_NLBC_PUNE,18.1132,74.4997
2023-08-08,30.5,22.3,25.7,0.4,0.4,75,28.0,21.45,5.13,8.3,82.9,156.5,25.55,25.21,30.5,38.38,65.21,30.08,AOI_NLBC_PUNE,18.1132,74.4997
2023-08-09,30.2,22.5,25.7,1.0,1.0,76,25.6,21.84,5.11,7.4,79.0,157.4,25.56,25.2,30.5,38.84,65.8,31.44,AOI_NLBC_PUNE,18.1132,74.4997
2023-08-10,30.2,22.0,25.4,1.4,1.4,77,24.1,20.49,4.77,7.0,60.7,158.6,25.59,25.2,30.5,39.21,68.89,32.21,AOI_NLBC_PUNE,18.1132,74.4997
2023-08-11,30.8,21.8,25.6,0.7,0.7,75,22.4,22.26,5.21,7.1,32.5,156.4,25.61,25.21,30.8,39.8,71.68,32.7,AOI_NLBC_PUNE,18.1132,74.4997
2023-08-12,30.7,21.1,25.3,0.3,0.3,77,28.7,23.27,5.34,6.6,20.6,155.3,25.56,25.19,30.8,40.67,75.32,34.07,AOI_NLBC_PUNE,18.1132,74.4997
2023-08-13,30.9,22.1,25.6,1.2,1.2,73,27.3,21.57,5.26,6.2,16.6,153.4,25.55,25.19,30.9,41.29,76.83,35.09,AOI_NLBC_PUNE,18.1132,74.4997
2023-08-14,31.4,22.2,26.1,0.9,0.9,72,22.0,22.02,5.39,5.9,17.0,153.1,25.62,25.2,31.4,41.45,78.44,35.55,AOI_NLBC_PUNE,18.1132,74.4997
2023-08-15,31.6,22.3,26.0,1.2,1.2,71,22.0,23.05,5.53,7.1,17.2,152.2,25.68,25.21,31.6,41.74,79.31,34.64,AOI_NLBC_PUNE,18.1132,74.4997
2023-08-16,31.0,21.4,25.7,1.5,1.5,73,25.4,21.21,5.16,8.2,16.5,152.1,25.68,25.21,31.6,41.77,80.15,33.57,AOI_NLBC_PUNE,18.1132,74.4997
2023-08-17,31.1,21.3,25.5,1.3,1.3,73,26.5,20.93,5.24,8.5,15.9,142.6,25.65,25.24,31.6,41.9,80.74,33.4,AOI_NLBC_PUNE,18.1132,74.4997
2023-08-18,31.7,22.0,25.6,0.3,0.3,73,25.3,19.81,5.11,7.4,14.4,121.6,25.68,25.28,31.7,42.24,81.45,34.84,AOI_NLBC_PUNE,18.1132,74.4997
2023-08-19,28.8,22.8,25.3,0.6,0.6,75,25.8,10.42,3.43,7.3,14.4,118.7,25.64,25.28,31.7,40.46,80.26,33.16,AOI_NLBC_PUNE,18.1132,74.4997
2023-08-20,30.9,22.1,25.8,0.7,0.7,73,27.0,19.59,5.04,7.7,14.3,113.2,25.7,25.31,31.7,40.16,80.83,32.46,AOI_NLBC_PUNE,18.1132,74.4997
2023-08-21,31.6,21.6,25.8,0.7,0.7,72,24.2,19.53,5.03,7.2,13.4,106.1,25.72,25.34,31.7,39.93,81.22,32.73,AOI_NLBC_PUNE,18.1132,74.4997
2023-08-22,31.3,21.2,25.7,1.8,1.8,74,25.1,20.68,5.1,8.1,14.0,96.5,25.68,25.36,31.7,39.64,81.09,31.54,AOI_NLBC_PUNE,18.1132,74.4997
2023-08-23,31.9,21.9,26.1,2.1,2.1,71,25.2,20.75,5.39,9.0,16.1,93.7,25.69,25.37,31.9,39.5,81.24,30.5,AOI_NLBC_PUNE,18.1132,74.4997
2023-08-24,31.8,21.5,26.0,1.9,1.9,72,27.0,20.85,5.14,9.4,17.6,75.9,25.72,25.44,31.9,39.48,81.25,30.08,AOI_NLBC_PUNE,18.1132,74.4997
2023-08-25,32.4,22.5,26.2,3.7,3.7,75,21.8,20.26,4.77,11.8,20.3,50.7,25.81,25.51,32.4,39.01,80.91,27.21,AOI_NLBC_PUNE,18.1132,74.4997
2023-08-26,32.1,22.4,26.4,0.7,0.7,73,25.6,23.77,5.64,12.2,19.6,39.2,25.91,25.6,32.4,39.54,81.78,27.34,AOI_NLBC_PUNE,18.1132,74.4997
2023-08-27,31.4,22.2,26.2,0.2,0.2,73,28.1,22.82,5.58,11.8,19.1,34.2,26.02,25.66,32.4,41.69,82.15,29.89,AOI_NLBC_PUNE,18.1132,74.4997
2023-08-28,31.7,21.4,25.8,1.4,1.4,74,25.9,22.16,5.36,12.5,20.2,35.1,26.02,25.7,32.4,42.01,82.17,29.51,AOI_NLBC_PUNE,18.1132,74.4997
2023-08-29,31.3,21.7,26.1,0.7,0.7,71,21.3,20.36,5.01,12.5,19.7,34.8,26.06,25.72,32.4,41.99,81.92,29.49,AOI_NLBC_PUNE,18.1132,74.4997
2023-08-30,32.5,21.6,27.0,0.2,0.2,68,18.4,22.89,5.39,10.9,19.0,32.8,26.22,25.78,32.5,42.28,81.92,31.38,AOI_NLBC_PUNE,18.1132,74.4997
2023-08-31,33.1,23.1,27.5,2.1,2.1,68,22.7,23.46,5.29,10.9,19.9,33.0,26.4,25.84,33.1,42.18,81.68,31.28,AOI_NLBC_PUNE,18.1132,74.4997
2023-09-01,34.2,23.1,28.3,0.4,0.4,66,23.4,23.2,5.49,9.4,18.8,31.6,26.69,25.94,34.2,42.53,82.01,33.13,AOI_NLBC_PUNE,18.1132,74.4997
2023-09-02,33.0,24.1,27.3,1.5,1.5,71,21.3,20.38,5.11,7.2,19.0,32.5,26.83,26.01,34.2,42.87,81.88,35.67,AOI_NLBC_PUNE,18.1132,74.4997
2023-09-03,33.5,23.2,26.8,4.1,4.1,72,22.7,18.99,4.69,10.6,22.8,35.8,26.88,26.04,34.2,41.92,81.46,31.32,AOI_NLBC_PUNE,18.1132,74.4997
2023-09-04,31.8,22.7,26.0,3.0,3.0,74,19.9,18.9,4.66,13.4,25.2,37.2,26.85,26.05,34.2,41.0,82.69,27.6,AOI_NLBC_PUNE,18.1132,74.4997
2023-09-05,31.9,22.3,26.5,0.3,0.3,69,17.0,22.78,5.64,12.3,24.8,36.3,26.94,26.09,34.2,41.28,83.29,28.98,AOI_NLBC_PUNE,18.1132,74.4997
2023-09-06,32.2,22.2,26.5,0.4,0.4,72,23.9,23.45,5.82,12.0,24.5,36.7,26.99,26.12,34.2,42.09,84.08,30.09,AOI_NLBC_PUNE,18.1132,74.4997
2023-09-07,30.6,22.7,25.1,0.7,0.7,77,31.8,14.19,3.98,12.5,23.4,37.0,26.75,26.1,34.2,40.68,82.96,28.18,AOI_NLBC_PUNE,18.1132,74.4997
2023-09-08,29.8,22.1,24.9,16.6,16.6,82,32.4,15.53,3.75,27.0,37.9,52.6,26.42,26.07,34.2,39.14,81.32,12.14,AOI_NLBC_PUNE,18.1132,74.4997
2023-09-09,30.0,23.1,25.5,3.9,3.9,81,28.5,15.94,3.93,30.5,39.9,55.1,26.08,26.07,33.5,37.58,80.11,7.08,AOI_NLBC_PUNE,18.1132,74.4997
2023-09-10,31.2,22.7,26.0,0.0,0.0,76,29.6,22.04,5.36,29.0,36.2,54.4,25.91,26.09,33.5,37.83,80.7,8.83,AOI_NLBC_PUNE,18.1132,74.4997
2023-09-11,31.0,21.8,25.6,1.7,1.7,78,25.4,21.42,5.04,26.6,37.2,55.8,25.76,26.1,32.2,38.18,80.1,11.58,AOI_NLBC_PUNE,18.1132,74.4997
2023-09-12,31.7,21.3,25.4,1.0,1.0,74,27.6,22.53,5.44,24.6,38.0,55.6,25.69,26.09,32.2,38.96,79.96,14.36,AOI_NLBC_PUNE,18.1132,74.4997
2023-09-13,31.0,21.5,25.5,0.6,0.6,74,25.3,20.94,5.15,24.9,37.2,55.3,25.56,26.07,32.2,38.47,79.75,13.57,AOI_NLBC_PUNE,18.1132,74.4997
2023-09-14,31.8,21.1,25.8,0.4,0.4,74,23.3,22.51,5.43,24.9,36.9,54.5,25.48,26.06,31.8,38.08,80.17,13.18,AOI_NLBC_PUNE,18.1132,74.4997
2023-09-15,32.3,21.2,25.9,0.0,0.0,72,26.0,22.07,5.58,24.2,36.7,53.0,25.58,26.07,32.3,39.68,80.36,15.48,AOI_NLBC_PUNE,18.1132,74.4997
2023-09-16,30.6,23.2,25.9,0.0,0.0,72,29.8,16.77,4.7,7.6,34.6,51.7,25.7,26.08,32.3,40.63,79.77,33.03,AOI_NLBC_PUNE,18.1132,74.4997
2023-09-17,31.9,23.4,26.6,0.1,0.1,68,28.9,21.56,5.73,3.8,34.3,51.5,25.84,26.12,32.3,42.43,80.01,38.63,AOI_NLBC_PUNE,18.1132,74.4997
2023-09-18,32.7,22.9,26.7,2.3,2.3,70,26.1,22.89,5.86,6.1,35.1,53.2,25.92,26.16,32.7,42.93,80.76,36.83,AOI_NLBC_PUNE,18.1132,74.4997
2023-09-19,33.1,23.4,27.0,2.7,2.7,69,24.2,20.29,5.4,7.1,33.7,55.2,26.1,26.2,33.1,43.29,81.47,36.19,AOI_NLBC_PUNE,18.1132,74.4997
2023-09-20,33.2,23.8,27.2,3.4,3.4,71,21.1,18.33,4.78,9.5,34.1,57.9,26.32,26.25,33.2,42.63,81.59,33.13,AOI_NLBC_PUNE,18.1132,74.4997
2023-09-21,32.8,23.7,26.3,14.6,14.6,77,24.3,16.41,3.87,23.5,48.4,70.7,26.42,26.27,33.2,41.35,79.82,17.85,AOI_NLBC_PUNE,18.1132,74.4997
2023-09-22,28.9,23.3,24.6,25.7,25.7,88,13.7,10.51,2.34,48.8,73.7,94.3,26.28,26.22,33.2,38.26,76.34,0.0,AOI_NLBC_PUNE,18.1132,74.4997
2023-09-23,29.2,22.9,24.7,19.6,19.6,87,19.8,13.61,2.91,68.4,92.6,112.0,26.12,26.18,33.2,35.59,75.27,0.0,AOI_NLBC_PUNE,18.1132,74.4997
2023-09-24,30.3,22.3,24.4,13.6,13.6,86,26.3,14.88,3.18,82.0,89.6,121.9,25.94,26.12,33.2,34.07,74.7,0.0,AOI_NLBC_PUNE,18.1132,74.4997
2023-09-25,30.5,22.4,24.9,10.9,10.9,83,17.0,18.93,4.02,92.8,96.6,132.1,25.72,26.07,33.2,32.36,74.79,0.0,AOI_NLBC_PUNE,18.1132,74.4997
2023-09-26,30.1,22.0,25.3,11.7,11.7,83,12.6,19.48,4.11,102.2,108.3,143.6,25.55,26.04,33.2,30.61,73.54,0.0,AOI_NLBC_PUNE,18.1132,74.4997
2023-09-27,30.1,21.8,25.0,25.0,25.0,84,14.5,16.03,3.39,124.5,131.6,167.2,25.3,26.01,33.2,28.6,71.89,0.0,AOI_NLBC_PUNE,18.1132,74.4997
2023-09-28,30.2,21.7,24.9,4.6,4.6,86,12.4,16.62,3.45,125.7,135.2,171.1,25.01,25.97,32.8,27.27,69.9,0.0,AOI_NLBC_PUNE,18.1132,74.4997
2023-09-29,30.7,21.7,24.8,42.7,42.7,86,13.8,17.42,3.59,153.8,177.3,213.6,24.82,25.9,30.7,26.99,68.34,0.0,AOI_NLBC_PUNE,18.1132,74.4997
2023-09-30,30.3,21.9,24.6,21.2,21.2,87,18.1,15.6,3.22,149.3,198.1,232.7,24.82,25.8,30.7,27.87,66.13,0.0,AOI_NLBC_PUNE,18.1132,74.4997
2023-10-01,29.6,22.5,24.5,23.0,23.0,87,16.6,12.74,2.77,152.7,221.1,255.3,24.8,25.67,30.7,27.73,63.32,0.0,AOI_NLBC_PUNE,18.1132,74.4997
2023-10-02,28.6,22.1,24.7,3.1,3.1,80,18.8,10.84,2.83,142.2,224.2,256.9,24.84,25.59,30.7,27.38,61.45,0.0,AOI_NLBC_PUNE,18.1132,74.4997
2023-10-03,30.7,21.7,25.6,0.0,0.0,75,16.0,19.11,4.32,131.3,224.1,252.8,24.92,25.55,30.7,27.68,60.04,0.0,AOI_NLBC_PUNE,18.1132,74.4997
2023-10-04,31.3,21.6,25.5,0.0,0.0,75,12.4,21.19,4.66,119.6,221.8,249.8,24.95,25.53,31.3,28.23,58.84,0.0,AOI_NLBC_PUNE,18.1132,74.4997
2023-10-05,31.1,19.9,24.6,0.0,0.0,73,12.6,23.16,5.02,94.6,219.1,249.5,24.9,25.47,31.3,29.86,58.46,0.0,AOI_NLBC_PUNE,18.1132,74.4997
2023-10-06,30.7,19.5,25.1,0.0,0.0,70,11.6,23.54,4.81,90.0,215.7,249.1,24.93,25.42,31.3,31.22,58.49,0.0,AOI_NLBC_PUNE,18.1132,74.4997
2023-10-07,31.2,20.1,25.6,0.0,0.0,71,8.0,21.81,4.67,47.3,201.1,248.4,25.02,25.44,31.3,32.3,59.29,0.0,AOI_NLBC_PUNE,18.1132,74.4997
2023-10-08,31.5,22.1,26.3,0.0,0.0,66,9.8,21.16,4.79,26.1,175.4,231.8,25.24,25.48,31.5,33.87,61.74,7.77,AOI_NLBC_PUNE,18.1132,74.4997
2023-10-09,31.9,20.3,26.3,0.0,0.0,66,9.2,21.12,4.72,3.1,155.8,227.9,25.46,25.51,31.9,35.82,63.55,32.72,AOI_NLBC_PUNE,18.1132,74.4997
2023-10-10,31.5,20.6,26.2,0.1,0.1,67,10.2,20.44,4.76,0.1,142.3,228.0,25.65,25.52,31.9,37.75,65.13,37.65,AOI_NLBC_PUNE,18.1132,74.4997
2023-10-11,31.2,21.9,26.6,0.0,0.0,66,10.5,20.16,4.59,0.1,131.4,226.3,25.78,25.55,31.9,38.02,65.7,37.92,AOI_NLBC_PUNE,18.1132,74.4997
2023-10-12,32.3,22.2,27.0,0.1,0.1,66,13.2,20.79,4.82,0.2,119.8,225.4,25.96,25.6,32.3,38.18,66.41,37.98,AOI_NLBC_PUNE,18.1132,74.4997
2023-10-13,32.7,22.6,27.0,0.0,0.0,55,13.9,20.2,5.13,0.2,94.8,224.8,26.26,25.65,32.7,38.29,68.15,38.09,AOI_NLBC_PUNE,18.1132,74.4997
2023-10-14,32.3,20.6,26.3,0.0,0.0,55,8.4,20.71,4.66,0.2,90.2,224.4,26.41,25.67,32.7,38.14,69.36,37.94,AOI_NLBC_PUNE,18.1132,74.4997
2023-10-15,31.5,20.9,26.3,0.1,0.1,58,13.7,20.28,4.86,0.3,47.6,224.5,26.5,25.68,32.7,38.33,70.63,38.03,AOI_NLBC_PUNE,18.1132,74.4997
2023-10-16,32.0,22.2,27.1,0.0,0.0,56,10.9,19.68,4.82,0.3,26.4,224.5,26.6,25.72,32.7,38.36,72.23,38.06,AOI_NLBC_PUNE,18.1132,74.4997
2023-10-17,31.8,22.3,27.1,0.0,0.0,56,11.0,20.2,4.91,0.3,3.4,224.4,26.7,25.74,32.7,38.55,74.37,38.25,AOI_NLBC_PUNE,18.1132,74.4997
2023-10-18,32.8,21.5,27.5,0.1,0.1,53,10.8,20.3,5.12,0.3,0.4,222.2,26.86,25.77,32.8,38.91,76.66,38.61,AOI_NLBC_PUNE,18.1132,74.4997
2023-10-19,31.7,22.5,27.1,0.1,0.1,59,11.1,18.91,4.5,0.4,0.5,219.6,26.92,25.77,32.8,38.82,76.84,38.42,AOI_NLBC_PUNE,18.1132,74.4997
2023-10-20,31.5,22.8,26.8,0.2,0.2,62,12.2,18.66,4.44,0.5,0.7,216.4,26.9,25.76,32.8,38.44,76.62,37.94,AOI_NLBC_PUNE,18.1132,74.4997
2023-10-21,31.4,23.3,27.2,0.0,0.0,58,11.6,19.54,4.86,0.5,0.7,201.8,26.92,25.79,32.8,38.17,76.46,37.67,AOI_NLBC_PUNE,18.1132,74.4997
2023-10-22,32.7,21.3,26.8,0.0,0.0,52,11.5,20.03,4.95,0.5,0.7,176.1,26.99,25.86,32.8,38.46,76.6,37.96,AOI_NLBC_PUNE,18.1132,74.4997
2023-10-23,32.3,20.5,26.5,0.0,0.0,49,18.5,20.21,5.26,0.4,0.7,156.5,27.01,25.92,32.8,38.86,77.19,38.46,AOI_NLBC_PUNE,18.1132,74.4997
2023-10-24,32.0,20.3,26.2,0.0,0.0,49,9.5,20.87,4.9,0.4,0.7,142.9,26.9,25.98,32.8,38.94,77.3,38.54,AOI_NLBC_PUNE,18.1132,74.4997
2023-10-25,31.9,20.6,25.9,0.0,0.0,49,14.0,20.39,5.05,0.4,0.7,132.0,26.75,26.01,32.8,39.08,77.63,38.68,AOI_NLBC_PUNE,18.1132,74.4997
2023-10-26,31.4,19.3,25.4,0.0,0.0,46,12.8,21.37,5.24,0.3,0.6,120.3,26.49,26.02,32.7,39.2,78.11,38.9,AOI_NLBC_PUNE,18.1132,74.4997
2023-10-27,31.4,18.6,25.0,0.0,0.0,46,11.4,21.31,5.19,0.2,0.6,95.3,26.22,26.02,32.7,39.89,78.71,39.69,AOI_NLBC_PUNE,18.1132,74.4997
2023-10-28,31.3,17.7,25.1,0.0,0.0,43,14.6,21.5,5.19,0.0,0.5,90.7,26.01,26.02,32.7,40.64,79.08,40.64,AOI_NLBC_PUNE,18.1132,74.4997
2023-10-29,31.8,18.5,25.5,0.0,0.0,45,15.8,20.99,5.2,0.0,0.5,48.0,25.8,26.05,32.7,40.98,79.15,40.98,AOI_NLBC_PUNE,18.1132,74.4997
2023-10-30,32.0,19.0,25.7,0.0,0.0,45,14.0,20.94,5.41,0.0,0.5,26.8,25.66,26.08,32.3,41.44,79.9,41.44,AOI_NLBC_PUNE,18.1132,74.4997
2023-10-31,31.8,19.6,25.9,0.0,0.0,47,13.4,20.7,5.14,0.0,0.4,3.8,25.59,26.13,32.0,41.32,80.18,41.32,AOI_NLBC_PUNE,18.1132,74.4997
2023-11-01,32.0,19.1,25.6,0.0,0.0,49,15.0,20.72,5.21,0.0,0.4,0.7,25.51,26.16,32.0,41.63,80.57,41.63,AOI_NLBC_PUNE,18.1132,74.4997
2023-11-02,31.4,20.6,25.5,0.0,0.0,53,10.0,19.87,4.67,0.0,0.4,0.7,25.46,26.16,32.0,41.25,80.33,41.25,AOI_NLBC_PUNE,18.1132,74.4997
2023-11-03,32.2,19.4,25.9,0.0,0.0,53,12.0,19.39,4.93,0.0,0.3,0.7,25.52,26.17,32.2,40.94,80.14,40.94,AOI_NLBC_PUNE,18.1132,74.4997
2023-11-04,31.6,21.2,26.1,0.1,0.1,55,12.4,18.62,4.63,0.1,0.3,0.8,25.66,26.22,32.2,40.38,80.27,40.28,AOI_NLBC_PUNE,18.1132,74.4997
2023-11-05,32.7,20.6,27.2,0.0,0.0,48,21.9,19.66,5.64,0.1,0.1,0.8,25.92,26.29,32.7,40.83,81.47,40.73,AOI_NLBC_PUNE,18.1132,74.4997
2023-11-06,31.9,20.5,26.4,0.0,0.0,49,14.0,18.11,4.97,0.1,0.1,0.8,26.04,26.32,32.7,40.6,81.58,40.5,AOI_NLBC_PUNE,18.1132,74.4997
2023-11-07,32.0,21.8,26.5,0.1,0.1,59,18.4,17.19,4.54,0.2,0.2,0.9,26.14,26.32,32.7,39.73,81.17,39.53,AOI_NLBC_PUNE,18.1132,74.4997
2023-11-08,29.3,22.1,25.1,1.4,1.4,76,20.6,12.76,3.04,1.6,1.6,2.3,26.04,26.28,32.7,37.63,78.95,36.03,AOI_NLBC_PUNE,18.1132,74.4997
2023-11-09,30.0,21.3,24.7,1.6,1.6,78,15.0,15.57,3.51,3.2,3.2,3.8,25.92,26.23,32.7,35.93,77.56,32.73,AOI_NLBC_PUNE,18.1132,74.4997
2023-11-10,30.0,20.7,24.7,3.1,3.1,81,12.1,16.75,3.51,6.3,6.3,6.9,25.82,26.17,32.7,34.77,76.02,28.47,AOI_NLBC_PUNE,18.1132,74.4997
2023-11-11,31.2,20.9,25.8,0.0,0.0,70,15.3,18.46,4.17,6.3,6.3,6.8,25.81,26.13,32.7,34.01,74.95,27.71,AOI_NLBC_PUNE,18.1132,74.4997
2023-11-12,31.7,20.7,25.7,0.3,0.3,66,11.2,19.17,4.35,6.5,6.6,7.1,25.76,26.09,32.7,33.73,74.11,27.23,AOI_NLBC_PUNE,18.1132,74.4997
2023-11-13,30.5,20.8,25.0,0.0,0.0,65,13.3,18.66,4.23,6.5,6.6,7.1,25.49,26.04,32.0,32.32,73.15,25.82,AOI_NLBC_PUNE,18.1132,74.4997
2023-11-14,31.0,19.1,25.0,0.0,0.0,58,15.0,18.83,4.44,6.5,6.6,7.0,25.31,26.0,32.0,31.79,72.39,25.29,AOI_NLBC_PUNE,18.1132,74.4997
2023-11-15,30.4,18.4,24.5,0.0,0.0,49,11.8,19.58,4.79,6.4,6.6,7.0,25.06,25.91,31.7,32.04,71.77,25.64,AOI_NLBC_PUNE,18.1132,74.4997
2023-11-16,30.6,17.2,24.3,0.0,0.0,51,12.6,19.57,4.6,5.0,6.6,7.0,24.96,25.82,31.7,33.6,71.23,28.6,AOI_NLBC_PUNE,18.1132,74.4997
2023-11-17,30.4,17.3,23.9,0.0,0.0,58,9.4,19.34,4.26,3.4,6.6,6.9,24.86,25.7,31.7,34.35,70.28,30.95,AOI_NLBC_PUNE,18.1132,74.4997
2023-11-18,31.7,19.4,25.3,0.0,0.0,52,10.9,17.63,4.17,0.3,6.6,6.8,24.94,25.64,31.7,35.01,69.78,34.71,AOI_NLBC_PUNE,18.1132,74.4997
2023-11-19,32.1,21.0,25.7,0.0,0.0,57,15.1,17.71,4.49,0.3,6.6,6.6,24.92,25.6,32.1,35.33,69.34,35.03,AOI_NLBC_PUNE,18.1132,74.4997
2023-11-20,31.6,21.3,26.0,0.0,0.0,58,13.9,17.44,4.24,0.0,6.5,6.6,24.96,25.56,32.1,35.22,68.95,35.22,AOI_NLBC_PUNE,18.1132,74.4997
2023-11-21,31.6,19.6,25.5,0.0,0.0,50,12.7,19.08,4.96,0.0,6.5,6.6,25.02,25.52,32.1,35.95,68.27,35.95,AOI_NLBC_PUNE,18.1132,74.4997
2023-11-22,30.5,19.6,24.6,0.0,0.0,54,8.9,17.92,4.04,0.0,6.5,6.6,24.98,25.46,32.1,35.55,67.34,35.55,AOI_NLBC_PUNE,18.1132,74.4997
2023-11-23,31.0,19.5,25.4,0.0,0.0,54,10.7,16.46,3.89,0.0,6.4,6.6,25.09,25.43,32.1,34.65,66.69,34.65,AOI_NLBC_PUNE,18.1132,74.4997
2023-11-24,31.4,20.8,25.3,0.8,0.8,65,15.4,16.17,3.95,0.8,5.8,7.4,25.21,25.41,32.1,34.0,67.6,33.2,AOI_NLBC_PUNE,18.1132,74.4997
2023-11-25,30.8,21.2,25.5,0.4,0.4,66,14.8,16.44,4.04,1.2,4.6,7.8,25.41,25.41,32.1,33.78,68.13,32.58,AOI_NLBC_PUNE,18.1132,74.4997
2023-11-26,31.2,20.5,25.0,7.7,7.7,69,18.9,15.65,4.01,8.9,9.2,15.5,25.38,25.41,32.1,33.62,68.63,24.72,AOI_NLBC_PUNE,18.1132,74.4997
2023-11-27,29.3,20.2,24.0,1.2,1.2,76,11.9,15.12,3.3,10.1,10.4,16.7,25.16,25.38,31.6,32.43,67.76,22.33,AOI_NLBC_PUNE,18.1132,74.4997
2023-11-28,29.5,20.4,23.5,2.9,2.9,79,12.6,16.08,3.28,13.0,13.0,19.6,24.85,25.31,31.6,31.47,66.69,18.47,AOI_NLBC_PUNE,18.1132,74.4997
2023-11-29,27.4,19.3,22.9,2.2,2.2,81,12.3,14.41,3.05,15.2,15.2,21.8,24.52,25.22,31.4,29.56,65.51,14.36,AOI_NLBC_PUNE,18.1132,74.4997
2023-11-30,29.4,19.3,23.8,0.9,0.9,78,14.5,14.11,3.22,16.1,16.1,22.7,24.42,25.15,31.4,28.74,64.29,12.64,AOI_NLBC_PUNE,18.1132,74.4997
2023-12-01,29.3,19.5,23.8,0.2,0.2,76,8.1,16.51,3.46,16.3,16.3,22.9,24.22,25.09,31.4,28.31,62.96,12.01,AOI_NLBC_PUNE,18.1132,74.4997
2023-12-02,29.8,19.4,24.2,0.0,0.0,69,14.9,17.22,4.02,15.5,16.3,22.9,24.09,25.04,31.2,28.38,62.38,12.88,AOI_NLBC_PUNE,18.1132,74.4997
2023-12-03,29.5,18.6,24.0,0.0,0.0,73,13.9,17.32,3.87,15.1,16.3,22.9,23.9,24.98,31.2,28.21,61.99,13.11,AOI_NLBC_PUNE,18.1132,74.4997
2023-12-04,30.2,18.8,24.1,0.0,0.0,71,12.6,16.93,3.87,7.4,16.3,22.8,23.79,24.91,30.2,28.07,61.69,20.67,AOI_NLBC_PUNE,18.1132,74.4997
2023-12-05,29.7,19.2,24.1,0.0,0.0,70,12.4,17.4,3.95,6.2,16.3,22.8,23.8,24.81,30.2,28.72,61.15,22.52,AOI_NLBC_PUNE,18.1132,74.4997
2023-12-06,28.4,19.0,23.0,0.2,0.2,75,11.8,14.91,3.15,3.5,16.5,23.0,23.74,24.7,30.2,28.59,60.06,25.09,AOI_NLBC_PUNE,18.1132,74.4997
2023-12-07,27.1,18.2,21.9,0.6,0.6,81,8.1,13.48,2.65,1.9,17.1,23.5,23.61,24.54,30.2,28.19,57.75,26.29,AOI_NLBC_PUNE,18.1132,74.4997
2023-12-08,28.1,17.7,22.6,0.3,0.3,77,8.7,16.2,3.3,1.3,17.4,22.4,23.46,24.46,30.2,28.27,57.01,26.97,AOI_NLBC_PUNE,18.1132,74.4997
2023-12-09,28.9,17.7,22.9,0.0,0.0,72,12.4,17.01,3.6,1.1,17.4,20.8,23.35,24.4,30.2,28.41,56.72,27.31,AOI_NLBC_PUNE,18.1132,74.4997
2023-12-10,28.5,17.6,22.6,0.0,0.0,69,12.4,16.0,3.5,1.1,16.6,17.7,23.15,24.33,30.2,27.89,56.27,26.79,AOI_NLBC_PUNE,18.1132,74.4997
2023-12-11,29.4,17.6,23.0,0.0,0.0,64,12.5,17.28,3.87,1.1,16.2,17.7,23.02,24.24,30.2,27.89,56.1,26.79,AOI_NLBC_PUNE,18.1132,74.4997
2023-12-12,29.1,16.8,22.9,0.0,0.0,63,13.0,16.69,3.89,1.1,8.5,17.4,22.88,24.14,29.7,27.91,55.98,26.81,AOI_NLBC_PUNE,18.1132,74.4997
2023-12-13,28.5,16.5,22.7,0.0,0.0,59,10.1,17.78,3.99,1.1,7.3,17.4,22.7,24.07,29.4,27.95,56.67,26.85,AOI_NLBC_PUNE,18.1132,74.4997
2023-12-14,27.3,17.1,21.4,0.0,0.0,64,16.3,17.82,4.07,0.9,4.4,17.4,22.5,23.95,29.4,28.87,57.46,27.97,AOI_NLBC_PUNE,18.1132,74.4997
2023-12-15,26.7,15.7,20.9,0.0,0.0,62,16.9,17.84,3.96,0.3,2.2,17.4,22.38,23.83,29.4,30.18,58.37,29.88,AOI_NLBC_PUNE,18.1132,74.4997
2023-12-16,27.5,15.1,21.0,0.0,0.0,67,10.8,17.24,3.65,0.0,1.3,17.4,22.17,23.72,29.4,30.53,58.8,30.53,AOI_NLBC_PUNE,18.1132,74.4997
2023-12-17,27.5,17.0,22.2,0.0,0.0,72,15.8,12.84,3.05,0.0,1.1,17.4,22.09,23.66,29.4,29.98,58.39,29.98,AOI_NLBC_PUNE,18.1132,74.4997
2023-12-18,27.7,19.2,23.0,0.0,0.0,61,17.3,14.12,3.81,0.0,1.1,17.4,22.14,23.58,29.4,30.29,58.18,30.29,AOI_NLBC_PUNE,18.1132,74.4997
2023-12-19,26.6,17.9,21.5,0.0,0.0,61,14.8,15.49,3.77,0.0,1.1,17.4,21.95,23.44,29.1,30.19,58.08,30.19,AOI_NLBC_PUNE,18.1132,74.4997
2023-12-20,26.9,15.2,20.7,0.0,0.0,61,13.4,16.64,3.74,0.0,1.1,17.4,21.67,23.27,28.5,30.04,57.95,30.04,AOI_NLBC_PUNE,18.1132,74.4997
2023-12-21,28.5,16.3,21.7,0.0,0.0,61,11.3,17.27,3.93,0.0,1.1,17.4,21.55,23.14,28.5,29.98,57.93,29.98,AOI_NLBC_PUNE,18.1132,74.4997
2023-12-22,29.6,16.7,22.4,0.0,0.0,60,10.5,17.19,3.85,0.0,0.9,17.4,21.67,23.07,29.6,29.76,58.63,29.76,AOI_NLBC_PUNE,18.1132,74.4997
2023-12-23,29.6,15.3,21.9,0.0,0.0,55,11.0,17.53,4.07,0.0,0.3,17.4,21.8,22.95,29.6,29.87,60.05,29.87,AOI_NLBC_PUNE,18.1132,74.4997
2023-12-24,28.6,14.9,21.1,0.0,0.0,62,11.0,16.84,3.87,0.0,0.0,16.6,21.81,22.81,29.6,30.09,60.62,30.09,AOI_NLBC_PUNE,18.1132,74.4997
2023-12-25,29.0,14.4,21.2,0.0,0.0,64,10.8,17.66,3.92,0.0,0.0,16.2,21.69,22.67,29.6,30.96,60.94,30.96,AOI_NLBC_PUNE,18.1132,74.4997
2023-12-26,30.1,16.2,22.0,0.0,0.0,62,11.8,17.81,3.99,0.0,0.0,8.5,21.56,22.57,30.1,31.14,61.43,31.14,AOI_NLBC_PUNE,18.1132,74.4997
2023-12-27,29.8,15.5,22.4,0.0,0.0,57,11.8,17.85,4.19,0.0,0.0,7.3,21.67,22.51,30.1,31.56,61.75,31.56,AOI_NLBC_PUNE,18.1132,74.4997
2023-12-28,29.2,16.1,22.2,0.0,0.0,66,13.0,17.75,4.11,0.0,0.0,4.4,21.86,22.47,30.1,31.93,61.97,31.93,AOI_NLBC_PUNE,18.1132,74.4997
2023-12-29,29.3,15.9,21.9,0.0,0.0,60,11.4,17.81,4.14,0.0,0.0,2.2,21.89,22.44,30.1,32.14,62.12,32.14,AOI_NLBC_PUNE,18.1132,74.4997
2023-12-30,29.5,16.0,22.4,0.0,0.0,58,11.0,17.76,4.07,0.0,0.0,1.3,21.89,22.39,30.1,32.36,62.12,32.36,AOI_NLBC_PUNE,18.1132,74.4997
2023-12-31,29.9,15.9,22.6,0.0,0.0,61,13.3,17.8,4.12,0.0,0.0,1.1,21.98,22.35,30.1,32.41,62.28,32.41,AOI_NLBC_PUNE,18.1132,74.4997
2024-01-01,29.4,15.3,22.5,0.0,0.0,58,11.6,17.64,4.05,0.0,0.0,1.1,22.15,22.29,30.1,32.59,62.68,32.59,AOI_NLBC_PUNE,18.1132,74.4997
2024-01-02,29.8,16.1,22.8,0.0,0.0,56,13.1,17.62,4.24,0.0,0.0,1.1,22.35,22.25,30.1,32.91,63.87,32.91,AOI_NLBC_PUNE,18.1132,74.4997
2024-01-03,30.8,17.5,23.7,0.0,0.0,56,11.5,17.32,4.08,0.0,0.0,1.1,22.56,22.24,30.8,33.0,64.14,33.0,AOI_NLBC_PUNE,18.1132,74.4997
2024-01-04,30.5,17.8,24.0,0.0,0.0,58,10.2,16.58,3.89,0.0,0.0,1.1,22.76,22.24,30.8,32.7,64.26,32.7,AOI_NLBC_PUNE,18.1132,74.4997
2024-01-05,28.9,17.3,22.9,1.2,1.2,67,11.7,15.63,3.48,1.2,1.2,2.1,22.85,22.23,30.8,32.07,64.0,30.87,AOI_NLBC_PUNE,18.1132,74.4997
2024-01-06,30.8,18.0,23.8,0.1,0.1,64,10.9,16.3,3.84,1.3,1.3,1.6,23.09,22.3,30.8,31.77,63.91,30.47,AOI_NLBC_PUNE,18.1132,74.4997
2024-01-07,30.7,19.0,24.3,0.0,0.0,55,18.4,16.44,4.74,1.3,1.3,1.3,23.33,22.35,30.8,32.44,64.8,31.14,AOI_NLBC_PUNE,18.1132,74.4997
2024-01-08,29.8,19.0,24.2,0.0,0.0,53,18.0,17.41,4.85,1.3,1.3,1.3,23.52,22.4,30.8,33.17,65.58,31.87,AOI_NLBC_PUNE,18.1132,74.4997
2024-01-09,28.7,19.1,23.0,0.0,0.0,68,18.8,12.56,3.34,1.3,1.3,1.3,23.59,22.41,30.8,32.46,65.05,31.16,AOI_NLBC_PUNE,18.1132,74.4997
2024-01-10,29.4,17.4,22.4,4.3,4.3,73,20.4,15.71,3.48,5.6,5.6,5.6,23.54,22.39,30.8,31.7,64.61,26.1,AOI_NLBC_PUNE,18.1132,74.4997
2024-01-11,30.3,18.3,23.9,0.0,0.0,61,10.9,17.47,4.09,5.6,5.6,5.6,23.56,22.42,30.8,31.71,64.71,26.11,AOI_NLBC_PUNE,18.1132,74.4997
2024-01-12,30.4,17.7,23.6,0.0,0.0,61,10.9,18.1,4.18,5.6,5.6,5.6,23.51,22.45,30.8,32.0,64.7,26.4,AOI_NLBC_PUNE,18.1132,74.4997
2024-01-13,30.8,18.1,23.8,0.0,0.0,57,10.4,18.37,4.2,4.4,5.6,5.6,23.62,22.53,30.8,32.72,64.79,28.32,AOI_NLBC_PUNE,18.1132,74.4997
2024-01-14,30.4,16.8,23.8,0.0,0.0,56,16.1,18.32,4.36,4.3,5.6,5.6,23.62,22.63,30.8,33.24,65.01,28.94,AOI_NLBC_PUNE,18.1132,74.4997
2024-01-15,29.2,15.5,22.0,0.0,0.0,48,18.1,18.82,4.55,4.3,5.6,5.6,23.34,22.66,30.8,33.05,65.49,28.75,AOI_NLBC_PUNE,18.1132,74.4997
2024-01-16,29.8,13.8,21.5,0.0,0.0,54,16.2,18.88,4.23,4.3,5.6,5.6,23.0,22.64,30.8,32.43,65.6,28.13,AOI_NLBC_PUNE,18.1132,74.4997
2024-01-17,31.4,15.1,22.2,0.0,0.0,58,21.5,18.69,4.66,4.3,5.6,5.6,22.9,22.61,31.4,33.75,66.21,29.45,AOI_NLBC_PUNE,18.1132,74.4997
2024-01-18,29.9,14.1,21.2,0.0,0.0,62,16.1,18.88,4.26,0.0,5.6,5.6,22.75,22.6,31.4,34.53,66.23,34.53,AOI_NLBC_PUNE,18.1132,74.4997
2024-01-19,31.1,14.5,22.1,0.0,0.0,57,16.8,17.8,4.47,0.0,5.6,5.6,22.52,22.65,31.4,34.91,66.62,34.91,AOI_NLBC_PUNE,18.1132,74.4997
2024-01-20,31.2,16.3,23.0,0.0,0.0,58,19.5,16.96,4.48,0.0,5.6,5.6,22.45,22.69,31.4,35.21,67.21,35.21,AOI_NLBC_PUNE,18.1132,74.4997
2024-01-21,28.4,16.2,22.0,0.0,0.0,58,9.4,18.83,4.11,0.0,4.4,5.6,22.22,22.68,31.4,35.12,67.84,35.12,AOI_NLBC_PUNE,18.1132,74.4997
2024-01-22,31.7,16.8,23.1,0.0,0.0,57,21.7,19.06,4.7,0.0,4.3,5.6,22.14,22.72,31.7,35.46,68.7,35.46,AOI_NLBC_PUNE,18.1132,74.4997
2024-01-23,28.8,14.3,21.7,0.0,0.0,52,14.1,19.55,4.43,0.0,4.3,5.6,22.1,22.74,31.7,35.34,68.39,35.34,AOI_NLBC_PUNE,18.1132,74.4997
2024-01-24,28.2,14.7,20.8,0.0,0.0,48,12.5,19.58,4.54,0.0,4.3,5.6,22.01,22.73,31.7,35.65,68.08,35.65,AOI_NLBC_PUNE,18.1132,74.4997
2024-01-25,27.7,13.6,20.3,0.0,0.0,47,11.5,19.61,4.43,0.0,4.3,5.6,21.78,22.67,31.7,35.42,69.17,35.42,AOI_NLBC_PUNE,18.1132,74.4997
2024-01-26,30.0,16.2,22.7,0.0,0.0,47,15.2,19.23,4.67,0.0,0.0,5.6,21.96,22.68,31.7,35.83,70.36,35.83,AOI_NLBC_PUNE,18.1132,74.4997
2024-01-27,30.2,16.9,23.6,0.0,0.0,47,10.0,19.31,4.63,0.0,0.0,5.6,22.15,22.73,31.7,35.99,70.9,35.99,AOI_NLBC_PUNE,18.1132,74.4997
2024-01-28,30.7,17.4,23.7,0.0,0.0,48,16.6,19.38,4.72,0.0,0.0,5.6,22.24,22.79,31.7,36.23,71.44,36.23,AOI_NLBC_PUNE,18.1132,74.4997
2024-01-29,30.5,17.3,24.4,0.0,0.0,45,11.4,19.4,4.6,0.0,0.0,5.6,22.54,22.85,31.7,36.72,71.84,36.72,AOI_NLBC_PUNE,18.1132,74.4997
2024-01-30,30.4,17.6,24.1,0.0,0.0,43,14.8,19.58,4.92,0.0,0.0,5.6,22.66,22.9,30.7,36.94,72.4,36.94,AOI_NLBC_PUNE,18.1132,74.4997
2024-01-31,31.8,16.5,23.8,0.0,0.0,47,23.4,19.45,5.23,0.0,0.0,5.6,22.92,22.95,31.8,37.74,73.08,37.74,AOI_NLBC_PUNE,18.1132,74.4997
2024-02-01,29.3,15.1,22.3,0.0,0.0,48,15.5,20.5,5.14,0.0,0.0,5.6,23.11,22.93,31.8,38.34,73.99,38.34,AOI_NLBC_PUNE,18.1132,74.4997
2024-02-02,29.7,15.4,22.5,0.0,0.0,52,10.0,20.18,4.44,0.0,0.0,5.6,23.39,22.89,31.8,38.35,73.77,38.35,AOI_NLBC_PUNE,18.1132,74.4997
2024-02-03,31.1,18.7,24.1,0.0,0.0,46,12.3,20.07,4.89,0.0,0.0,5.6,23.56,22.89,31.8,38.57,74.4,38.57,AOI_NLBC_PUNE,18.1132,74.4997
2024-02-04,32.7,18.6,25.9,0.0,0.0,47,11.1,19.86,4.82,0.0,0.0,4.4,23.85,22.99,32.7,38.76,74.75,38.76,AOI_NLBC_PUNE,18.1132,74.4997
2024-02-05,33.7,19.3,26.6,0.0,0.0,44,10.4,19.95,5.01,0.0,0.0,4.3,24.21,23.09,33.7,39.05,75.28,39.05,AOI_NLBC_PUNE,18.1132,74.4997
2024-02-06,34.0,18.7,26.6,0.0,0.0,41,10.9,19.97,5.13,0.0,0.0,4.3,24.49,23.16,34.0,39.58,76.3,39.58,AOI_NLBC_PUNE,18.1132,74.4997
2024-02-07,33.7,20.0,26.9,0.0,0.0,38,20.1,19.67,5.65,0.0,0.0,4.3,24.84,23.25,34.0,40.31,77.25,40.31,AOI_NLBC_PUNE,18.1132,74.4997
2024-02-08,33.0,18.5,25.5,0.0,0.0,39,11.0,20.69,5.16,0.0,0.0,4.3,25.05,23.34,34.0,40.24,77.98,40.24,AOI_NLBC_PUNE,18.1132,74.4997
2024-02-09,34.9,18.5,25.5,0.0,0.0,30,17.1,21.15,5.85,0.0,0.0,0.0,25.45,23.44,34.9,40.95,79.29,40.95,AOI_NLBC_PUNE,18.1132,74.4997
2024-02-10,33.8,16.5,25.0,0.0,0.0,32,20.4,21.29,5.86,0.0,0.0,0.0,25.76,23.48,34.9,42.37,80.72,42.37,AOI_NLBC_PUNE,18.1132,74.4997
2024-02-11,33.4,17.6,25.7,0.0,0.0,32,19.2,21.05,5.84,0.0,0.0,0.0,25.96,23.55,34.9,43.32,81.89,43.32,AOI_NLBC_PUNE,18.1132,74.4997
2024-02-12,33.6,17.4,25.7,0.0,0.0,31,16.3,20.91,5.72,0.0,0.0,0.0,25.94,23.61,34.9,44.22,82.98,44.22,AOI_NLBC_PUNE,18.1132,74.4997
2024-02-13,33.4,17.6,25.8,0.0,0.0,27,13.3,21.15,5.42,0.0,0.0,0.0,25.84,23.68,34.9,44.63,83.68,44.63,AOI_NLBC_PUNE,18.1132,74.4997
2024-02-14,32.8,18.2,25.6,0.0,0.0,29,13.9,19.94,5.35,0.0,0.0,0.0,25.71,23.8,34.9,44.85,84.43,44.85,AOI_NLBC_PUNE,18.1132,74.4997
2024-02-15,34.2,19.2,26.1,0.0,0.0,34,16.4,19.31,5.36,0.0,0.0,0.0,25.61,23.95,34.9,44.56,84.87,44.56,AOI_NLBC_PUNE,18.1132,74.4997
2024-02-16,34.7,19.8,26.9,0.0,0.0,34,21.3,20.59,6.52,0.0,0.0,0.0,25.79,24.11,34.9,45.92,86.16,45.92,AOI_NLBC_PUNE,18.1132,74.4997
2024-02-17,34.0,19.7,26.8,0.0,0.0,30,17.3,21.83,5.66,0.0,0.0,0.0,25.95,24.29,34.7,45.73,86.68,45.73,AOI_NLBC_PUNE,18.1132,74.4997
2024-02-18,34.1,19.0,26.4,0.0,0.0,35,11.3,21.58,5.39,0.0,0.0,0.0,26.12,24.44,34.7,45.26,87.63,45.26,AOI_NLBC_PUNE,18.1132,74.4997
2024-02-19,34.2,19.1,27.0,0.0,0.0,29,18.2,21.96,6.46,0.0,0.0,0.0,26.29,24.57,34.7,45.88,89.2,45.88,AOI_NLBC_PUNE,18.1132,74.4997
2024-02-20,33.6,18.7,26.5,0.0,0.0,26,14.9,21.82,6.31,0.0,0.0,0.0,26.39,24.72,34.7,46.47,90.69,46.47,AOI_NLBC_PUNE,18.1132,74.4997
2024-02-21,34.3,17.4,25.9,0.0,0.0,38,20.3,22.59,7.03,0.0,0.0,0.0,26.4,24.81,34.7,48.08,92.71,48.08,AOI_NLBC_PUNE,18.1132,74.4997
2024-02-22,33.3,17.3,25.0,0.0,0.0,45,20.9,22.41,6.33,0.0,0.0,0.0,26.32,24.92,34.7,49.06,93.91,49.06,AOI_NLBC_PUNE,18.1132,74.4997
2024-02-23,31.9,16.0,24.1,0.0,0.0,37,10.3,22.64,5.58,0.0,0.0,0.0,26.08,25.03,34.7,49.28,93.84,49.28,AOI_NLBC_PUNE,18.1132,74.4997
2024-02-24,34.0,17.1,25.2,0.0,0.0,32,17.5,22.48,6.31,0.0,0.0,0.0,25.86,25.2,34.3,49.07,94.99,49.07,AOI_NLBC_PUNE,18.1132,74.4997
2024-02-25,33.4,17.7,25.6,0.0,0.0,22,11.9,22.72,5.67,0.0,0.0,0.0,25.71,25.29,34.3,49.08,94.81,49.08,AOI_NLBC_PUNE,18.1132,74.4997
2024-02-26,35.2,20.0,27.7,0.0,0.0,36,16.4,20.04,6.19,0.0,0.0,0.0,25.88,25.43,35.2,49.88,95.14,49.88,AOI_NLBC_PUNE,18.1132,74.4997
2024-02-27,35.1,21.9,28.9,0.0,0.0,38,15.0,20.85,5.73,0.0,0.0,0.0,26.11,25.6,35.2,49.15,95.03,49.15,AOI_NLBC_PUNE,18.1132,74.4997
2024-02-28,34.7,22.2,28.6,0.0,0.0,38,13.3,21.15,6.08,0.0,0.0,0.0,26.38,25.74,35.2,48.92,95.39,48.92,AOI_NLBC_PUNE,18.1132,74.4997
2024-02-29,35.5,22.4,28.6,0.0,0.0,33,16.7,19.9,6.08,0.0,0.0,0.0,26.71,25.89,35.5,47.97,96.05,47.97,AOI_NLBC_PUNE,18.1132,74.4997
2024-03-01,36.1,21.9,29.1,0.0,0.0,32,16.3,19.86,5.87,0.0,0.0,0.0,27.22,26.07,36.1,47.51,96.57,47.51,AOI_NLBC_PUNE,18.1132,74.4997
2024-03-02,36.2,21.3,28.0,0.0,0.0,44,26.7,20.34,6.73,0.0,0.0,0.0,27.71,26.26,36.2,48.66,97.94,48.66,AOI_NLBC_PUNE,18.1132,74.4997
2024-03-03,35.6,20.0,26.6,0.0,0.0,48,23.7,23.04,7.35,0.0,0.0,0.0,27.89,26.4,36.2,49.7,98.77,49.7,AOI_NLBC_PUNE,18.1132,74.4997
2024-03-04,33.9,17.3,25.6,0.0,0.0,39,19.1,23.41,6.2,0.0,0.0,0.0,27.89,26.45,36.2,50.23,99.31,50.23,AOI_NLBC_PUNE,18.1132,74.4997
2024-03-05,34.1,18.2,26.4,0.0,0.0,25,18.7,23.24,6.37,0.0,0.0,0.0,27.72,26.46,36.2,50.41,100.29,50.41,AOI_NLBC_PUNE,18.1132,74.4997
2024-03-06,36.4,19.3,27.0,0.0,0.0,30,26.6,23.28,7.16,0.0,0.0,0.0,27.49,26.48,36.4,51.84,100.99,51.84,AOI_NLBC_PUNE,18.1132,74.4997
2024-03-07,35.1,16.9,26.7,0.0,0.0,19,20.3,24.11,6.78,0.0,0.0,0.0,27.25,26.48,36.4,52.54,101.46,52.54,AOI_NLBC_PUNE,18.1132,74.4997
2024-03-08,35.9,20.5,27.9,0.0,0.0,24,18.2,23.32,6.64,0.0,0.0,0.0,27.16,26.51,36.4,53.1,101.07,53.1,AOI_NLBC_PUNE,18.1132,74.4997
2024-03-09,35.2,20.1,28.1,0.0,0.0,22,19.7,23.79,7.08,0.0,0.0,0.0,27.04,26.6,36.4,54.31,101.82,54.31,AOI_NLBC_PUNE,18.1132,74.4997
2024-03-10,36.5,21.9,29.1,0.0,0.0,23,23.7,23.63,6.91,0.0,0.0,0.0,27.18,26.72,36.5,54.49,103.15,54.49,AOI_NLBC_PUNE,18.1132,74.4997
2024-03-11,36.9,20.7,29.6,0.0,0.0,21,22.7,23.89,7.49,0.0,0.0,0.0,27.55,26.87,36.9,54.63,104.33,54.63,AOI_NLBC_PUNE,18.1132,74.4997
2024-03-12,37.4,21.8,30.1,0.0,0.0,25,19.3,23.58,7.38,0.0,0.0,0.0,28.11,27.02,37.4,55.81,106.04,55.81,AOI_NLBC_PUNE,18.1132,74.4997
2024-03-13,37.4,22.3,29.4,0.0,0.0,26,20.3,23.9,7.86,0.0,0.0,0.0,28.49,27.14,37.4,57.3,107.71,57.3,AOI_NLBC_PUNE,18.1132,74.4997
2024-03-14,36.3,20.1,28.5,0.0,0.0,25,22.5,24.27,7.16,0.0,0.0,0.0,28.68,27.23,37.4,57.3,109.14,57.3,AOI_NLBC_PUNE,18.1132,74.4997
2024-03-15,35.9,20.0,28.3,0.0,0.0,23,19.4,24.15,7.15,0.0,0.0,0.0,28.88,27.32,37.4,57.67,110.21,57.67,AOI_NLBC_PUNE,18.1132,74.4997
2024-03-16,37.1,20.9,28.8,0.0,0.0,31,25.4,21.57,7.12,0.0,0.0,0.0,28.99,27.41,37.4,58.15,111.25,58.15,AOI_NLBC_PUNE,18.1132,74.4997
2024-03-17,37.7,20.7,29.0,0.0,0.0,29,29.2,23.02,7.53,0.0,0.0,0.0,29.1,27.48,37.7,58.6,112.91,58.6,AOI_NLBC_PUNE,18.1132,74.4997
2024-03-18,35.8,21.3,29.1,0.0,0.0,19,22.8,23.75,7.87,0.0,0.0,0.0,29.1,27.56,37.7,59.56,114.05,59.56,AOI_NLBC_PUNE,18.1132,74.4997
2024-03-19,36.5,22.1,29.2,0.0,0.0,20,20.3,24.49,8.3,0.0,0.0,0.0,29.05,27.65,37.7,60.37,115.0,60.37,AOI_NLBC_PUNE,18.1132,74.4997
2024-03-20,36.3,20.4,28.4,0.0,0.0,18,17.9,24.92,7.64,0.0,0.0,0.0,28.84,27.7,37.7,60.63,116.44,60.63,AOI_NLBC_PUNE,18.1132,74.4997
2024-03-21,36.5,21.0,28.8,0.0,0.0,26,20.6,23.88,7.09,0.0,0.0,0.0,28.76,27.78,37.7,59.86,117.16,59.86,AOI_NLBC_PUNE,18.1132,74.4997
2024-03-22,37.3,21.6,29.6,0.0,0.0,32,17.7,24.6,6.67,0.0,0.0,0.0,28.9,27.9,37.7,59.37,116.67,59.37,AOI_NLBC_PUNE,18.1132,74.4997
2024-03-23,38.2,21.7,30.4,0.0,0.0,31,26.7,24.71,7.43,0.0,0.0,0.0,29.16,28.08,38.2,59.65,117.32,59.65,AOI_NLBC_PUNE,18.1132,74.4997
2024-03-24,38.4,22.3,30.6,0.0,0.0,22,16.7,24.46,7.36,0.0,0.0,0.0,29.39,28.3,38.4,59.89,118.04,59.89,AOI_NLBC_PUNE,18.1132,74.4997
2024-03-25,38.8,25.2,32.0,0.0,0.0,29,19.7,24.4,8.04,0.0,0.0,0.0,29.76,28.52,38.8,60.4,119.0,60.4,AOI_NLBC_PUNE,18.1132,74.4997
2024-03-26,39.2,24.7,32.4,0.0,0.0,29,23.7,24.09,7.55,0.0,0.0,0.0,30.18,28.75,39.2,60.08,119.64,60.08,AOI_NLBC_PUNE,18.1132,74.4997
2024-03-27,40.2,24.7,32.3,0.0,0.0,32,32.0,23.72,7.46,0.0,0.0,0.0,30.56,28.9,40.2,59.24,119.61,59.24,AOI_NLBC_PUNE,18.1132,74.4997
2024-03-28,39.9,24.8,32.6,0.0,0.0,32,29.1,21.75,6.54,0.0,0.0,0.0,31.09,29.03,40.2,58.14,118.77,58.14,AOI_NLBC_PUNE,18.1132,74.4997
2024-03-29,39.0,26.0,32.6,0.0,0.0,35,22.9,20.98,6.82,0.0,0.0,0.0,31.56,29.16,40.2,57.87,117.73,57.87,AOI_NLBC_PUNE,18.1132,74.4997
2024-03-30,40.2,26.8,33.1,0.0,0.0,33,34.4,22.27,7.43,0.0,0.0,0.0,32.0,29.31,40.2,58.63,118.0,58.63,AOI_NLBC_PUNE,18.1132,74.4997
2024-03-31,38.8,27.3,33.2,0.0,0.0,27,27.0,21.94,6.95,0.0,0.0,0.0,32.35,29.45,40.2,58.15,117.8,58.15,AOI_NLBC_PUNE,18.1132,74.4997
2024-04-01,39.9,25.1,32.6,0.0,0.0,21,16.3,24.82,7.3,0.0,0.0,0.0,32.6,29.6,40.2,58.09,117.98,58.09,AOI_NLBC_PUNE,18.1132,74.4997
2024-04-02,40.1,23.4,31.9,0.0,0.0,22,21.6,25.3,7.86,0.0,0.0,0.0,32.59,29.78,40.2,57.91,118.31,57.91,AOI_NLBC_PUNE,18.1132,74.4997
2024-04-03,39.9,24.2,31.6,0.0,0.0,28,30.3,24.64,8.05,0.0,0.0,0.0,32.49,29.98,40.2,58.41,118.49,58.41,AOI_NLBC_PUNE,18.1132,74.4997
2024-04-04,40.6,23.9,32.4,0.0,0.0,25,25.5,23.64,7.44,0.0,0.0,0.0,32.5,30.18,40.6,58.39,117.63,58.39,AOI_NLBC_PUNE,18.1132,74.4997
2024-04-05,40.6,25.0,32.6,0.0,0.0,25,20.1,24.86,7.81,0.0,0.0,0.0,32.5,30.36,40.6,59.66,117.8,59.66,AOI_NLBC_PUNE,18.1132,74.4997
2024-04-06,40.7,25.0,32.9,0.0,0.0,22,17.1,23.77,7.9,0.0,0.0,0.0,32.54,30.57,40.7,60.74,118.61,60.74,AOI_NLBC_PUNE,18.1132,74.4997
2024-04-07,40.0,24.6,32.5,0.0,0.0,19,28.7,21.86,8.69,0.0,0.0,0.0,32.46,30.72,40.7,62.0,120.63,62.0,AOI_NLBC_PUNE,18.1132,74.4997
2024-04-08,39.3,22.9,31.6,0.0,0.0,14,20.1,25.86,8.01,0.0,0.0,0.0,32.26,30.84,40.7,63.06,121.21,63.06,AOI_NLBC_PUNE,18.1132,74.4997
2024-04-09,40.3,24.4,32.3,0.0,0.0,24,25.2,25.59,8.5,0.0,0.0,0.0,32.22,30.95,40.7,64.26,122.35,64.26,AOI_NLBC_PUNE,18.1132,74.4997
2024-04-10,40.4,24.4,32.2,0.0,0.0,28,24.3,25.39,7.63,0.0,0.0,0.0,32.26,31.03,40.7,64.03,121.94,64.03,AOI_NLBC_PUNE,18.1132,74.4997
2024-04-11,39.8,25.1,32.2,0.0,0.0,30,27.1,25.01,7.46,0.0,0.0,0.0,32.34,31.1,40.7,63.44,121.85,63.44,AOI_NLBC_PUNE,18.1132,74.4997
2024-04-12,38.3,25.1,31.4,0.1,0.1,34,23.8,22.87,6.96,0.1,0.1,0.1,32.21,31.17,40.7,62.96,121.35,62.86,AOI_NLBC_PUNE,18.1132,74.4997
2024-04-13,39.1,25.0,31.4,0.0,0.0,27,28.9,25.26,7.13,0.1,0.1,0.1,32.06,31.27,40.7,62.28,121.94,62.18,AOI_NLBC_PUNE,18.1132,74.4997
2024-04-14,40.0,23.3,31.6,0.0,0.0,33,21.4,25.75,6.73,0.1,0.1,0.1,31.9,31.38,40.4,61.11,121.85,61.01,AOI_NLBC_PUNE,18.1132,74.4997
2024-04-15,39.8,26.0,33.4,0.0,0.0,36,17.9,23.2,7.02,0.1,0.1,0.1,32.01,31.53,40.4,59.44,121.44,59.34,AOI_NLBC_PUNE,18.1132,74.4997
2024-04-16,40.8,29.0,34.9,0.0,0.0,29,13.3,23.08,7.38,0.1,0.1,0.1,32.42,31.73,40.8,58.81,121.87,58.71,AOI_NLBC_PUNE,18.1132,74.4997
2024-04-17,40.8,29.3,34.5,0.0,0.0,30,23.1,22.58,6.95,0.1,0.1,0.1,32.7,31.91,40.8,57.26,121.52,57.16,AOI_NLBC_PUNE,18.1132,74.4997
2024-04-18,41.2,28.4,34.0,0.0,0.0,40,24.5,20.73,6.42,0.1,0.1,0.1,32.92,32.07,41.2,56.05,120.08,55.95,AOI_NLBC_PUNE,18.1132,74.4997
2024-04-19,41.1,27.0,33.4,0.0,0.0,40,19.1,20.92,7.03,0.1,0.1,0.1,33.07,32.23,41.2,55.62,119.06,55.52,AOI_NLBC_PUNE,18.1132,74.4997
2024-04-20,40.1,27.0,32.1,0.4,0.4,40,18.7,21.6,6.76,0.4,0.5,0.5,33.16,32.34,41.2,55.42,118.38,55.02,AOI_NLBC_PUNE,18.1132,74.4997
2024-04-21,38.4,25.3,31.0,0.0,0.0,46,14.4,22.88,6.39,0.4,0.5,0.5,33.11,32.39,41.2,54.68,116.96,54.28,AOI_NLBC_PUNE,18.1132,74.4997
2024-04-22,38.4,26.0,32.4,0.0,0.0,33,15.5,22.91,7.0,0.4,0.5,0.5,33.21,32.46,41.2,54.95,116.06,54.55,AOI_NLBC_PUNE,18.1132,74.4997
2024-04-23,39.5,26.4,33.1,0.0,0.0,30,14.4,24.0,6.69,0.4,0.5,0.5,33.17,32.54,41.2,54.62,114.06,54.22,AOI_NLBC_PUNE,18.1132,74.4997
2024-04-24,39.5,26.9,32.5,3.1,3.1,35,23.1,22.26,6.47,3.5,3.6,3.6,32.88,32.56,41.2,53.71,112.52,50.21,AOI_NLBC_PUNE,18.1132,74.4997
2024-04-25,40.1,26.8,33.1,0.0,0.0,37,23.0,23.05,7.18,3.5,3.6,3.6,32.7,32.58,41.2,53.94,111.2,50.44,AOI_NLBC_PUNE,18.1132,74.4997
2024-04-26,40.8,27.9,33.7,0.0,0.0,28,29.2,23.91,8.62,3.5,3.6,3.6,32.66,32.63,41.1,56.14,112.19,52.64,AOI_NLBC_PUNE,18.1132,74.4997
2024-04-27,40.7,28.2,34.5,0.0,0.0,27,18.2,25.48,8.08,3.5,3.6,3.6,32.8,32.69,40.8,57.19,112.81,53.69,AOI_NLBC_PUNE,18.1132,74.4997
2024-04-28,42.6,28.7,35.6,0.0,0.0,25,27.0,24.84,8.8,3.1,3.5,3.6,33.24,32.79,42.6,59.23,114.65,56.13,AOI_NLBC_PUNE,18.1132,74.4997
2024-04-29,42.5,28.6,36.1,0.0,0.0,21,23.2,24.2,9.09,3.1,3.5,3.6,33.88,32.89,42.6,61.93,116.61,58.83,AOI_NLBC_PUNE,18.1132,74.4997
2024-04-30,42.4,27.2,35.0,0.0,0.0,17,16.3,25.96,8.2,3.1,3.5,3.6,34.2,32.95,42.6,63.13,118.08,60.03,AOI_NLBC_PUNE,18.1132,74.4997
2024-05-01,41.1,27.1,33.9,0.0,0.0,21,26.3,26.24,10.48,3.1,3.5,3.6,34.3,32.99,42.6,66.92,121.54,63.82,AOI_NLBC_PUNE,18.1132,74.4997
2024-05-02,41.7,25.0,32.7,0.0,0.0,25,27.0,26.79,9.52,0.0,3.5,3.6,34.33,33.02,42.6,69.97,123.68,69.97,AOI_NLBC_PUNE,18.1132,74.4997
2024-05-03,41.3,22.5,32.0,0.0,0.0,28,27.1,27.4,8.43,0.0,3.5,3.6,34.19,33.03,42.6,71.22,125.16,71.22,AOI_NLBC_PUNE,18.1132,74.4997
2024-05-04,42.1,24.6,33.4,0.0,0.0,32,20.9,26.95,8.64,0.0,3.5,3.6,34.15,33.07,42.6,71.24,127.38,71.24,AOI_NLBC_PUNE,18.1132,74.4997
2024-05-05,42.2,25.6,33.7,0.0,0.0,35,31.0,26.48,9.37,0.0,3.5,3.6,34.05,33.1,42.6,72.53,129.72,72.53,AOI_NLBC_PUNE,18.1132,74.4997
2024-05-06,42.3,25.8,33.7,0.0,0.0,32,26.1,26.24,9.51,0.0,3.1,3.6,33.81,33.13,42.5,73.24,132.47,73.24,AOI_NLBC_PUNE,18.1132,74.4997
2024-05-07,40.1,24.5,31.7,0.0,0.0,39,30.1,25.16,8.12,0.0,3.1,3.6,33.26,33.1,42.4,72.27,134.2,72.27,AOI_NLBC_PUNE,18.1132,74.4997
2024-05-08,39.9,22.5,30.8,0.0,0.0,50,31.3,25.91,7.26,0.0,3.1,3.6,32.74,33.08,42.3,71.33,134.46,71.33,AOI_NLBC_PUNE,18.1132,74.4997
2024-05-09,39.9,24.5,32.0,0.0,0.0,47,31.8,22.99,7.64,0.0,3.1,3.6,32.5,33.07,42.3,68.49,135.41,68.49,AOI_NLBC_PUNE,18.1132,74.4997
2024-05-10,39.0,26.3,30.4,2.9,2.9,54,28.8,20.96,6.35,2.9,2.9,6.5,32.21,33.01,42.3,65.32,135.29,62.42,AOI_NLBC_PUNE,18.1132,74.4997
2024-05-11,36.7,25.3,30.6,0.1,0.1,57,17.7,19.9,5.52,3.0,3.0,6.6,32.04,32.95,42.3,62.41,133.63,59.41,AOI_NLBC_PUNE,18.1132,74.4997
2024-05-12,36.4,25.7,30.0,4.5,4.5,57,15.3,21.83,5.49,7.5,7.5,11.0,31.61,32.91,42.3,59.26,130.5,51.76,AOI_NLBC_PUNE,18.1132,74.4997
2024-05-13,36.0,24.9,29.7,10.0,10.0,56,26.4,17.35,4.7,17.5,17.5,21.0,31.11,32.85,42.3,54.59,127.12,37.09,AOI_NLBC_PUNE,18.1132,74.4997
2024-05-14,38.4,25.3,31.5,0.8,0.8,47,23.1,22.76,6.79,18.3,18.3,21.8,30.84,32.85,40.1,51.87,125.11,33.57,AOI_NLBC_PUNE,18.1132,74.4997
2024-05-15,37.9,24.6,31.3,0.0,0.0,44,17.3,25.42,6.69,18.3,18.3,21.8,30.79,32.78,39.9,50.44,122.71,32.14,AOI_NLBC_PUNE,18.1132,74.4997
2024-05-16,38.8,25.4,31.3,0.0,0.0,47,19.9,23.59,6.34,18.3,18.3,21.8,30.85,32.66,39.9,49.52,120.85,31.22,AOI_NLBC_PUNE,18.1132,74.4997
2024-05-17,38.4,25.2,31.0,0.5,0.5,48,19.0,24.35,6.64,18.8,18.8,22.3,30.72,32.54,39.0,48.52,117.01,29.72,AOI_NLBC_PUNE,18.1132,74.4997
2024-05-18,39.6,26.1,31.5,0.3,0.3,51,25.2,22.85,6.76,16.2,19.1,22.6,30.86,32.46,39.6,48.93,114.25,32.73,AOI_NLBC_PUNE,18.1132,74.4997
2024-05-19,40.3,25.7,33.0,0.4,0.4,49,17.3,23.14,7.06,16.5,19.5,23.0,31.16,32.44,40.3,50.47,112.88,33.97,AOI_NLBC_PUNE,18.1132,74.4997
2024-05-20,41.4,27.9,33.3,0.0,0.0,52,29.2,24.9,7.62,12.0,19.5,22.6,31.58,32.48,41.4,52.6,111.86,40.6,AOI_NLBC_PUNE,18.1132,74.4997
2024-05-21,42.3,26.8,33.6,0.1,0.1,49,28.8,23.15,7.54,2.1,19.6,22.7,32.06,32.57,42.3,55.44,110.03,53.34,AOI_NLBC_PUNE,18.1132,74.4997
2024-05-22,40.7,27.2,33.4,0.0,0.0,50,21.6,23.28,6.86,1.3,19.6,22.7,32.3,32.6,42.3,55.51,107.38,54.21,AOI_NLBC_PUNE,18.1132,74.4997
2024-05-23,40.4,27.4,32.4,1.9,1.9,54,25.9,21.86,7.1,3.2,21.5,24.6,32.44,32.58,42.3,55.92,106.36,52.72,AOI_NLBC_PUNE,18.1132,74.4997
2024-05-24,38.9,26.1,31.9,0.4,0.4,55,33.5,22.53,7.98,3.6,21.9,21.9,32.51,32.56,42.3,57.56,107.08,53.96,AOI_NLBC_PUNE,18.1132,74.4997
2024-05-25,37.3,25.2,30.3,0.6,0.6,58,29.2,20.92,7.43,3.7,22.5,22.5,32.42,32.47,42.3,58.35,106.87,54.65,AOI_NLBC_PUNE,18.1132,74.4997
2024-05-26,37.8,24.8,30.2,0.5,0.5,63,29.4,23.01,7.56,3.9,20.1,23.0,32.26,32.35,42.3,59.15,108.08,55.25,AOI_NLBC_PUNE,18.1132,74.4997
2024-05-27,35.5,25.2,29.3,0.0,0.0,65,30.6,18.78,6.45,3.5,20.0,23.0,31.8,32.18,42.3,58.54,109.01,55.04,AOI_NLBC_PUNE,18.1132,74.4997
2024-05-28,36.3,25.0,29.7,0.0,0.0,61,32.5,26.14,8.07,3.5,15.5,23.0,31.35,31.98,42.3,58.99,111.59,55.49,AOI_NLBC_PUNE,18.1132,74.4997
2024-05-29,37.3,23.5,29.6,0.0,0.0,58,31.4,26.58,8.32,3.4,5.5,23.0,30.85,31.76,40.7,59.77,115.21,56.37,AOI_NLBC_PUNE,18.1132,74.4997
2024-05-30,39.1,23.7,30.3,0.0,0.0,58,30.0,25.31,8.18,3.4,4.7,23.0,30.46,31.61,40.4,61.09,116.6,57.69,AOI_NLBC_PUNE,18.1132,74.4997
2024-05-31,39.5,24.6,31.4,0.0,0.0,55,31.6,25.29,8.33,1.5,4.7,23.0,30.34,31.52,39.5,62.32,118.24,60.82,AOI_NLBC_PUNE,18.1132,74.4997
